,i,dt,mu_val,mu_cur,co_config,event name
0,0,0,-4.356079258337528,-4.356079258337528,[],Initial
0,1,1.876345814729938e-36,-2.10297994780947,-6.459059206146998,[15],ads
0,2,7.888076212883729e-37,-4.19930989561894,-8.555389153956469,"[15, 10]",ads
0,3,1.270103139765633e-40,-6.54966894223754,-10.905748200575069,"[15, 10, 13]",ads
0,4,6.325719348654786e-37,-8.664595116987485,-13.020674375325013,"[15, 10, 13, 16]",ads
0,5,1.8828949304775415e-23,-9.95046713067594,-14.306546389013468,"[15, 10, 13, 16, 0]",ads
0,6,3.3159227437631236e-15,-10.797184384713642,-15.15326364305117,"[15, 10, 13, 16, 0, 2]",ads
0,7,47346074713132.51,-9.95046713067594,-14.306546389013468,"[15, 10, 13, 16, 0]",des
0,8,8.693291340163882e-15,-10.797184384713642,-15.15326364305117,"[15, 10, 13, 16, 0, 2]",ads
0,9,230764291181297.56,-9.95046713067594,-14.306546389013468,"[15, 10, 13, 16, 0]",des
0,10,5.771625188779846e-15,-10.797184384713642,-15.15326364305117,"[15, 10, 13, 16, 0, 2]",ads
0,11,51580486514396.33,-9.95046713067594,-14.306546389013468,"[15, 10, 13, 16, 0]",des
0,12,2.2335092673890527e-16,-10.797184384713642,-15.15326364305117,"[15, 10, 13, 16, 0, 2]",ads
0,13,130174809698637.34,-9.95046713067594,-14.306546389013468,"[15, 10, 13, 16, 0]",des
0,14,5.066371411270421e-16,-10.797184384713642,-15.15326364305117,"[15, 10, 13, 16, 0, 2]",ads
0,15,161223580337606.3,-9.95046713067594,-14.306546389013468,"[15, 10, 13, 16, 0]",des
0,16,1.3154613257278696e-15,-10.797184384713642,-15.15326364305117,"[15, 10, 13, 16, 0, 2]",ads
0,17,178257575807053.66,-9.95046713067594,-14.306546389013468,"[15, 10, 13, 16, 0]",des
0,18,4.4154462187394644e-15,-10.797184384713642,-15.15326364305117,"[15, 10, 13, 16, 0, 2]",ads
0,19,387987819609369.5,-9.95046713067594,-14.306546389013468,"[15, 10, 13, 16, 0]",des
0,20,3.65974611917908e-15,-10.797184384713642,-15.15326364305117,"[15, 10, 13, 16, 0, 2]",ads
0,21,1726276169845.5735,-9.95046713067594,-14.306546389013468,"[15, 10, 13, 16, 0]",des
0,22,1.3020875545332636e-15,-10.797184384713642,-15.15326364305117,"[15, 10, 13, 16, 0, 2]",ads
0,23,325434317166830.06,-9.95046713067594,-14.306546389013468,"[15, 10, 13, 16, 0]",des
0,24,1.2378063054944235e-14,-10.797184384713642,-15.15326364305117,"[15, 10, 13, 16, 0, 2]",ads
0,25,232416205455640.25,-9.95046713067594,-14.306546389013468,"[15, 10, 13, 16, 0]",des
0,26,6.885615498260414e-16,-10.797184384713642,-15.15326364305117,"[15, 10, 13, 16, 0, 2]",ads
0,27,10928347645242.99,-9.95046713067594,-14.306546389013468,"[15, 10, 13, 16, 0]",des
0,28,4.169110542564381e-15,-10.797184384713642,-15.15326364305117,"[15, 10, 13, 16, 0, 2]",ads
0,29,32392690764127.215,-9.95046713067594,-14.306546389013468,"[15, 10, 13, 16, 0]",des
0,30,4.58392638515389e-15,-10.797184384713642,-15.15326364305117,"[15, 10, 13, 16, 0, 2]",ads
0,31,31144572675014.145,-9.95046713067594,-14.306546389013468,"[15, 10, 13, 16, 0]",des
0,32,1.851498569661965e-15,-10.797184384713642,-15.15326364305117,"[15, 10, 13, 16, 0, 2]",ads
0,33,139377840074565.12,-9.95046713067594,-14.306546389013468,"[15, 10, 13, 16, 0]",des
0,34,3.076876778108536e-15,-10.797184384713642,-15.15326364305117,"[15, 10, 13, 16, 0, 2]",ads
0,35,113523807569731.23,-9.95046713067594,-14.306546389013468,"[15, 10, 13, 16, 0]",des
0,36,1.034819251515849e-14,-10.797184384713642,-15.15326364305117,"[15, 10, 13, 16, 0, 2]",ads
0,37,48070502722617.54,-9.95046713067594,-14.306546389013468,"[15, 10, 13, 16, 0]",des
0,38,4.8434415969932734e-15,-10.797184384713642,-15.15326364305117,"[15, 10, 13, 16, 0, 2]",ads
0,39,114589939373204.2,-9.95046713067594,-14.306546389013468,"[15, 10, 13, 16, 0]",des
0,40,3.302984847628522e-16,-10.797184384713642,-15.15326364305117,"[15, 10, 13, 16, 0, 2]",ads
0,41,205025206440712.97,-9.95046713067594,-14.306546389013468,"[15, 10, 13, 16, 0]",des
0,42,1.497177232038567e-16,-10.797184384713642,-15.15326364305117,"[15, 10, 13, 16, 0, 2]",ads
0,43,19832909010404.855,-9.95046713067594,-14.306546389013468,"[15, 10, 13, 16, 0]",des
0,44,2.134283307634556e-15,-10.797184384713642,-15.15326364305117,"[15, 10, 13, 16, 0, 2]",ads
0,45,141849647298443.38,-9.95046713067594,-14.306546389013468,"[15, 10, 13, 16, 0]",des
0,46,2.615888208573717e-15,-10.797184384713642,-15.15326364305117,"[15, 10, 13, 16, 0, 2]",ads
0,47,210579589173953.94,-9.95046713067594,-14.306546389013468,"[15, 10, 13, 16, 0]",des
0,48,6.0243435789174996e-15,-10.797184384713642,-15.15326364305117,"[15, 10, 13, 16, 0, 2]",ads
0,49,22395939473656.113,-9.95046713067594,-14.306546389013468,"[15, 10, 13, 16, 0]",des
0,50,7.363041554434389e-15,-10.797184384713642,-15.15326364305117,"[15, 10, 13, 16, 0, 2]",ads
0,51,443456113031642.0,-9.95046713067594,-14.306546389013468,"[15, 10, 13, 16, 0]",des
0,52,6.602236262559024e-16,-10.797184384713642,-15.15326364305117,"[15, 10, 13, 16, 0, 2]",ads
0,53,34794829171711.664,-9.95046713067594,-14.306546389013468,"[15, 10, 13, 16, 0]",des
0,54,2.18099001044219e-15,-10.797184384713642,-15.15326364305117,"[15, 10, 13, 16, 0, 2]",ads
0,55,32643933229299.727,-9.95046713067594,-14.306546389013468,"[15, 10, 13, 16, 0]",des
0,56,6.3528394755772894e-15,-10.797184384713642,-15.15326364305117,"[15, 10, 13, 16, 0, 2]",ads
0,57,233465780777360.25,-9.95046713067594,-14.306546389013468,"[15, 10, 13, 16, 0]",des
0,58,3.0883292719503426e-15,-10.797184384713642,-15.15326364305117,"[15, 10, 13, 16, 0, 2]",ads
0,59,14409721412857.084,-9.95046713067594,-14.306546389013468,"[15, 10, 13, 16, 0]",des
0,60,3.229689046421393e-15,-10.797184384713642,-15.15326364305117,"[15, 10, 13, 16, 0, 2]",ads
0,61,135433617660343.28,-9.95046713067594,-14.306546389013468,"[15, 10, 13, 16, 0]",des
0,62,1.3773639373272367e-14,-10.797184384713642,-15.15326364305117,"[15, 10, 13, 16, 0, 2]",ads
0,63,70379119712013.8,-9.95046713067594,-14.306546389013468,"[15, 10, 13, 16, 0]",des
0,64,9.853443226384944e-16,-10.797184384713642,-15.15326364305117,"[15, 10, 13, 16, 0, 2]",ads
0,65,12169439015891.65,-9.95046713067594,-14.306546389013468,"[15, 10, 13, 16, 0]",des
0,66,3.2155947622351654e-15,-10.797184384713642,-15.15326364305117,"[15, 10, 13, 16, 0, 2]",ads
0,67,160715296107846.03,-9.95046713067594,-14.306546389013468,"[15, 10, 13, 16, 0]",des
0,68,5.740945357657939e-15,-10.797184384713642,-15.15326364305117,"[15, 10, 13, 16, 0, 2]",ads
0,69,101269656405367.72,-9.95046713067594,-14.306546389013468,"[15, 10, 13, 16, 0]",des
0,70,6.536312719664216e-15,-10.797184384713642,-15.15326364305117,"[15, 10, 13, 16, 0, 2]",ads
0,71,377766337212585.4,-9.95046713067594,-14.306546389013468,"[15, 10, 13, 16, 0]",des
0,72,1.6006434800840467e-15,-10.797184384713642,-15.15326364305117,"[15, 10, 13, 16, 0, 2]",ads
0,73,248117944424.96796,-9.95046713067594,-14.306546389013468,"[15, 10, 13, 16, 0]",des
0,74,7.311533537963188e-16,-10.797184384713642,-15.15326364305117,"[15, 10, 13, 16, 0, 2]",ads
0,75,405400822249633.56,-9.95046713067594,-14.306546389013468,"[15, 10, 13, 16, 0]",des
0,76,7.633798860128066e-15,-10.797184384713642,-15.15326364305117,"[15, 10, 13, 16, 0, 2]",ads
0,77,76898373248473.8,-9.95046713067594,-14.306546389013468,"[15, 10, 13, 16, 0]",des
0,78,8.931703874447221e-15,-10.797184384713642,-15.15326364305117,"[15, 10, 13, 16, 0, 2]",ads
0,79,10720954186793.047,-9.95046713067594,-14.306546389013468,"[15, 10, 13, 16, 0]",des
0,80,4.983152719943511e-15,-10.797184384713642,-15.15326364305117,"[15, 10, 13, 16, 0, 2]",ads
0,81,27248720473764.797,-9.95046713067594,-14.306546389013468,"[15, 10, 13, 16, 0]",des
0,82,2.2688835546284154e-15,-10.797184384713642,-15.15326364305117,"[15, 10, 13, 16, 0, 2]",ads
0,83,109484364632427.86,-9.95046713067594,-14.306546389013468,"[15, 10, 13, 16, 0]",des
0,84,1.4760503507242143e-14,-10.797184384713642,-15.15326364305117,"[15, 10, 13, 16, 0, 2]",ads
0,85,44631285449918.945,-9.95046713067594,-14.306546389013468,"[15, 10, 13, 16, 0]",des
0,86,6.7347907068094124e-15,-10.797184384713642,-15.15326364305117,"[15, 10, 13, 16, 0, 2]",ads
0,87,356755008736031.0,-9.95046713067594,-14.306546389013468,"[15, 10, 13, 16, 0]",des
0,88,1.6168271836118587e-14,-10.797184384713642,-15.15326364305117,"[15, 10, 13, 16, 0, 2]",ads
0,89,57220272791405.31,-9.95046713067594,-14.306546389013468,"[15, 10, 13, 16, 0]",des
0,90,3.150529566258922e-16,-10.797184384713642,-15.15326364305117,"[15, 10, 13, 16, 0, 2]",ads
0,91,37465598420339.21,-9.95046713067594,-14.306546389013468,"[15, 10, 13, 16, 0]",des
0,92,5.241109939556634e-16,-10.797184384713642,-15.15326364305117,"[15, 10, 13, 16, 0, 2]",ads
0,93,212753473174454.53,-9.95046713067594,-14.306546389013468,"[15, 10, 13, 16, 0]",des
0,94,2.0172015557364362e-15,-10.797184384713642,-15.15326364305117,"[15, 10, 13, 16, 0, 2]",ads
0,95,175153645896611.16,-9.95046713067594,-14.306546389013468,"[15, 10, 13, 16, 0]",des
0,96,5.777542001500366e-15,-10.797184384713642,-15.15326364305117,"[15, 10, 13, 16, 0, 2]",ads
0,97,102089575278915.33,-9.95046713067594,-14.306546389013468,"[15, 10, 13, 16, 0]",des
0,98,4.7503149618314514e-15,-10.797184384713642,-15.15326364305117,"[15, 10, 13, 16, 0, 2]",ads
0,99,311374539067175.5,-9.95046713067594,-14.306546389013468,"[15, 10, 13, 16, 0]",des
0,100,6.576817348793195e-16,-10.797184384713642,-15.15326364305117,"[15, 10, 13, 16, 0, 2]",ads
0,101,28261028095448.246,-9.95046713067594,-14.306546389013468,"[15, 10, 13, 16, 0]",des
0,102,8.316273283467695e-16,-10.797184384713642,-15.15326364305117,"[15, 10, 13, 16, 0, 2]",ads
0,103,73884874585307.67,-9.95046713067594,-14.306546389013468,"[15, 10, 13, 16, 0]",des
0,104,4.537766231819073e-15,-10.797184384713642,-15.15326364305117,"[15, 10, 13, 16, 0, 2]",ads
0,105,6105181786520.961,-9.95046713067594,-14.306546389013468,"[15, 10, 13, 16, 0]",des
0,106,1.1209972719874845e-15,-10.797184384713642,-15.15326364305117,"[15, 10, 13, 16, 0, 2]",ads
0,107,217935356236413.9,-9.95046713067594,-14.306546389013468,"[15, 10, 13, 16, 0]",des
0,108,8.715726077121392e-15,-10.797184384713642,-15.15326364305117,"[15, 10, 13, 16, 0, 2]",ads
0,109,49693318437499.67,-9.95046713067594,-14.306546389013468,"[15, 10, 13, 16, 0]",des
0,110,5.1363760332930415e-15,-10.797184384713642,-15.15326364305117,"[15, 10, 13, 16, 0, 2]",ads
0,111,125879817591265.7,-9.95046713067594,-14.306546389013468,"[15, 10, 13, 16, 0]",des
0,112,1.2357339264193823e-14,-10.797184384713642,-15.15326364305117,"[15, 10, 13, 16, 0, 2]",ads
0,113,33792365738251.016,-9.95046713067594,-14.306546389013468,"[15, 10, 13, 16, 0]",des
0,114,1.144208313847854e-14,-10.797184384713642,-15.15326364305117,"[15, 10, 13, 16, 0, 2]",ads
0,115,48182183301521.336,-9.95046713067594,-14.306546389013468,"[15, 10, 13, 16, 0]",des
0,116,3.3262418172502595e-15,-10.797184384713642,-15.15326364305117,"[15, 10, 13, 16, 0, 2]",ads
0,117,10221496757881.59,-9.95046713067594,-14.306546389013468,"[15, 10, 13, 16, 0]",des
0,118,2.0967932766117974e-14,-10.797184384713642,-15.15326364305117,"[15, 10, 13, 16, 0, 2]",ads
0,119,274931770663070.53,-9.95046713067594,-14.306546389013468,"[15, 10, 13, 16, 0]",des
0,120,1.680015273172204e-15,-10.797184384713642,-15.15326364305117,"[15, 10, 13, 16, 0, 2]",ads
0,121,49874311462971.64,-9.95046713067594,-14.306546389013468,"[15, 10, 13, 16, 0]",des
0,122,4.024957229570752e-15,-10.797184384713642,-15.15326364305117,"[15, 10, 13, 16, 0, 2]",ads
0,123,150214682726982.66,-9.95046713067594,-14.306546389013468,"[15, 10, 13, 16, 0]",des
0,124,2.6086814228945335e-16,-10.797184384713642,-15.15326364305117,"[15, 10, 13, 16, 0, 2]",ads
0,125,97889757208091.81,-9.95046713067594,-14.306546389013468,"[15, 10, 13, 16, 0]",des
0,126,5.085071282255869e-15,-10.797184384713642,-15.15326364305117,"[15, 10, 13, 16, 0, 2]",ads
0,127,611226266904706.6,-9.95046713067594,-14.306546389013468,"[15, 10, 13, 16, 0]",des
0,128,9.767485046097624e-15,-10.797184384713642,-15.15326364305117,"[15, 10, 13, 16, 0, 2]",ads
0,129,49218830680936.414,-9.95046713067594,-14.306546389013468,"[15, 10, 13, 16, 0]",des
0,130,8.29416050351328e-15,-10.797184384713642,-15.15326364305117,"[15, 10, 13, 16, 0, 2]",ads
0,131,155666028758081.53,-9.95046713067594,-14.306546389013468,"[15, 10, 13, 16, 0]",des
0,132,1.1502407138953267e-14,-10.797184384713642,-15.15326364305117,"[15, 10, 13, 16, 0, 2]",ads
0,133,169784394877047.7,-9.95046713067594,-14.306546389013468,"[15, 10, 13, 16, 0]",des
0,134,6.365692553766168e-15,-10.797184384713642,-15.15326364305117,"[15, 10, 13, 16, 0, 2]",ads
0,135,144782430216152.38,-9.95046713067594,-14.306546389013468,"[15, 10, 13, 16, 0]",des
0,136,5.8360822925636484e-15,-10.797184384713642,-15.15326364305117,"[15, 10, 13, 16, 0, 2]",ads
0,137,29537175212121.7,-9.95046713067594,-14.306546389013468,"[15, 10, 13, 16, 0]",des
0,138,1.4181193606256897e-15,-10.797184384713642,-15.15326364305117,"[15, 10, 13, 16, 0, 2]",ads
0,139,24416638942697.234,-9.95046713067594,-14.306546389013468,"[15, 10, 13, 16, 0]",des
0,140,2.6659046682374492e-14,-10.797184384713642,-15.15326364305117,"[15, 10, 13, 16, 0, 2]",ads
0,141,155463920392643.56,-9.95046713067594,-14.306546389013468,"[15, 10, 13, 16, 0]",des
0,142,1.498019102142351e-14,-10.797184384713642,-15.15326364305117,"[15, 10, 13, 16, 0, 2]",ads
0,143,51220381638451.445,-9.95046713067594,-14.306546389013468,"[15, 10, 13, 16, 0]",des
0,144,2.2796481279684065e-15,-10.797184384713642,-15.15326364305117,"[15, 10, 13, 16, 0, 2]",ads
0,145,22713650802528.285,-9.95046713067594,-14.306546389013468,"[15, 10, 13, 16, 0]",des
0,146,9.816557499139838e-15,-10.797184384713642,-15.15326364305117,"[15, 10, 13, 16, 0, 2]",ads
0,147,225486993060370.66,-9.95046713067594,-14.306546389013468,"[15, 10, 13, 16, 0]",des
0,148,1.9090949045765445e-15,-10.797184384713642,-15.15326364305117,"[15, 10, 13, 16, 0, 2]",ads
0,149,92605014152165.4,-9.95046713067594,-14.306546389013468,"[15, 10, 13, 16, 0]",des
0,150,1.053919956240719e-14,-10.797184384713642,-15.15326364305117,"[15, 10, 13, 16, 0, 2]",ads
0,151,160081347493614.44,-9.95046713067594,-14.306546389013468,"[15, 10, 13, 16, 0]",des
0,152,1.8270350563433614e-15,-10.797184384713642,-15.15326364305117,"[15, 10, 13, 16, 0, 2]",ads
0,153,94302128424074.75,-9.95046713067594,-14.306546389013468,"[15, 10, 13, 16, 0]",des
0,154,5.254369869578994e-15,-10.797184384713642,-15.15326364305117,"[15, 10, 13, 16, 0, 2]",ads
0,155,851569580690382.2,-9.95046713067594,-14.306546389013468,"[15, 10, 13, 16, 0]",des
0,156,3.3405041574092516e-15,-10.797184384713642,-15.15326364305117,"[15, 10, 13, 16, 0, 2]",ads
0,157,71498029562058.95,-9.95046713067594,-14.306546389013468,"[15, 10, 13, 16, 0]",des
0,158,4.1667326838513594e-15,-10.797184384713642,-15.15326364305117,"[15, 10, 13, 16, 0, 2]",ads
0,159,6701853090014.413,-9.95046713067594,-14.306546389013468,"[15, 10, 13, 16, 0]",des
0,160,9.474488027333515e-15,-10.797184384713642,-15.15326364305117,"[15, 10, 13, 16, 0, 2]",ads
0,161,311587306886337.0,-9.95046713067594,-14.306546389013468,"[15, 10, 13, 16, 0]",des
0,162,1.8810455404945224e-15,-10.797184384713642,-15.15326364305117,"[15, 10, 13, 16, 0, 2]",ads
0,163,68342684231362.92,-9.95046713067594,-14.306546389013468,"[15, 10, 13, 16, 0]",des
0,164,3.4110139959219077e-15,-10.797184384713642,-15.15326364305117,"[15, 10, 13, 16, 0, 2]",ads
0,165,5937781665670.515,-9.95046713067594,-14.306546389013468,"[15, 10, 13, 16, 0]",des
0,166,8.059002427513514e-16,-10.797184384713642,-15.15326364305117,"[15, 10, 13, 16, 0, 2]",ads
0,167,1808757155151.7195,-9.95046713067594,-14.306546389013468,"[15, 10, 13, 16, 0]",des
0,168,5.808275470872996e-15,-10.797184384713642,-15.15326364305117,"[15, 10, 13, 16, 0, 2]",ads
0,169,383438256465285.44,-9.95046713067594,-14.306546389013468,"[15, 10, 13, 16, 0]",des
0,170,1.046095065251142e-14,-10.797184384713642,-15.15326364305117,"[15, 10, 13, 16, 0, 2]",ads
0,171,194127447733364.78,-9.95046713067594,-14.306546389013468,"[15, 10, 13, 16, 0]",des
0,172,2.1933690996271277e-15,-10.797184384713642,-15.15326364305117,"[15, 10, 13, 16, 0, 2]",ads
0,173,103954175993829.72,-9.95046713067594,-14.306546389013468,"[15, 10, 13, 16, 0]",des
0,174,1.8863861582633647e-15,-10.797184384713642,-15.15326364305117,"[15, 10, 13, 16, 0, 2]",ads
0,175,235032708924525.84,-9.95046713067594,-14.306546389013468,"[15, 10, 13, 16, 0]",des
0,176,1.2292082992152325e-15,-10.797184384713642,-15.15326364305117,"[15, 10, 13, 16, 0, 2]",ads
0,177,375276509669726.1,-9.95046713067594,-14.306546389013468,"[15, 10, 13, 16, 0]",des
0,178,1.1068311814275074e-15,-10.797184384713642,-15.15326364305117,"[15, 10, 13, 16, 0, 2]",ads
0,179,235058342266534.6,-9.95046713067594,-14.306546389013468,"[15, 10, 13, 16, 0]",des
0,180,7.638564289428907e-15,-10.797184384713642,-15.15326364305117,"[15, 10, 13, 16, 0, 2]",ads
0,181,125986094243332.02,-9.95046713067594,-14.306546389013468,"[15, 10, 13, 16, 0]",des
0,182,1.0157272318638786e-14,-10.797184384713642,-15.15326364305117,"[15, 10, 13, 16, 0, 2]",ads
0,183,72148857432250.16,-9.95046713067594,-14.306546389013468,"[15, 10, 13, 16, 0]",des
0,184,2.2349017576547905e-15,-10.797184384713642,-15.15326364305117,"[15, 10, 13, 16, 0, 2]",ads
0,185,372384600855085.1,-9.95046713067594,-14.306546389013468,"[15, 10, 13, 16, 0]",des
0,186,1.2781598480678835e-15,-10.797184384713642,-15.15326364305117,"[15, 10, 13, 16, 0, 2]",ads
0,187,167686977781638.8,-9.95046713067594,-14.306546389013468,"[15, 10, 13, 16, 0]",des
0,188,1.449969728404093e-14,-10.797184384713642,-15.15326364305117,"[15, 10, 13, 16, 0, 2]",ads
0,189,895211192434573.2,-9.95046713067594,-14.306546389013468,"[15, 10, 13, 16, 0]",des
0,190,1.5485935470460288e-14,-10.797184384713642,-15.15326364305117,"[15, 10, 13, 16, 0, 2]",ads
0,191,149984296226480.53,-9.95046713067594,-14.306546389013468,"[15, 10, 13, 16, 0]",des
0,192,1.4584335082342836e-14,-10.797184384713642,-15.15326364305117,"[15, 10, 13, 16, 0, 2]",ads
0,193,253230322641424.94,-9.95046713067594,-14.306546389013468,"[15, 10, 13, 16, 0]",des
0,194,6.236164997809073e-15,-10.797184384713642,-15.15326364305117,"[15, 10, 13, 16, 0, 2]",ads
0,195,92382976704067.36,-9.95046713067594,-14.306546389013468,"[15, 10, 13, 16, 0]",des
0,196,3.285262901755365e-15,-10.797184384713642,-15.15326364305117,"[15, 10, 13, 16, 0, 2]",ads
0,197,168659431084174.56,-9.95046713067594,-14.306546389013468,"[15, 10, 13, 16, 0]",des
0,198,1.1817554169434037e-14,-10.797184384713642,-15.15326364305117,"[15, 10, 13, 16, 0, 2]",ads
0,199,54280162150448.75,-9.95046713067594,-14.306546389013468,"[15, 10, 13, 16, 0]",des
0,200,2.767289738917436e-15,-10.797184384713642,-15.15326364305117,"[15, 10, 13, 16, 0, 2]",ads
0,201,43407883738557.125,-9.95046713067594,-14.306546389013468,"[15, 10, 13, 16, 0]",des
0,202,1.7348945554773664e-15,-10.797184384713642,-15.15326364305117,"[15, 10, 13, 16, 0, 2]",ads
0,203,102472933815744.02,-9.95046713067594,-14.306546389013468,"[15, 10, 13, 16, 0]",des
0,204,5.452024708077052e-15,-10.797184384713642,-15.15326364305117,"[15, 10, 13, 16, 0, 2]",ads
0,205,879235092635029.6,-9.95046713067594,-14.306546389013468,"[15, 10, 13, 16, 0]",des
0,206,1.6750885513961158e-15,-10.797184384713642,-15.15326364305117,"[15, 10, 13, 16, 0, 2]",ads
0,207,398363148804625.7,-9.95046713067594,-14.306546389013468,"[15, 10, 13, 16, 0]",des
0,208,1.072062345816573e-14,-10.797184384713642,-15.15326364305117,"[15, 10, 13, 16, 0, 2]",ads
0,209,269633665490406.22,-9.95046713067594,-14.306546389013468,"[15, 10, 13, 16, 0]",des
0,210,1.2158174161094284e-14,-10.797184384713642,-15.15326364305117,"[15, 10, 13, 16, 0, 2]",ads
0,211,451063942569153.0,-9.95046713067594,-14.306546389013468,"[15, 10, 13, 16, 0]",des
0,212,9.262695806355599e-15,-10.797184384713642,-15.15326364305117,"[15, 10, 13, 16, 0, 2]",ads
0,213,20106280737409.168,-9.95046713067594,-14.306546389013468,"[15, 10, 13, 16, 0]",des
0,214,8.156524830068244e-16,-10.797184384713642,-15.15326364305117,"[15, 10, 13, 16, 0, 2]",ads
0,215,48730206556000.945,-9.95046713067594,-14.306546389013468,"[15, 10, 13, 16, 0]",des
0,216,7.899950634252688e-15,-10.797184384713642,-15.15326364305117,"[15, 10, 13, 16, 0, 2]",ads
0,217,30154360210301.85,-9.95046713067594,-14.306546389013468,"[15, 10, 13, 16, 0]",des
0,218,3.3966981614380766e-15,-10.797184384713642,-15.15326364305117,"[15, 10, 13, 16, 0, 2]",ads
0,219,54627235657800.18,-9.95046713067594,-14.306546389013468,"[15, 10, 13, 16, 0]",des
0,220,1.9109123129826355e-14,-10.797184384713642,-15.15326364305117,"[15, 10, 13, 16, 0, 2]",ads
0,221,131811674088601.03,-9.95046713067594,-14.306546389013468,"[15, 10, 13, 16, 0]",des
0,222,1.8644246363147257e-14,-10.797184384713642,-15.15326364305117,"[15, 10, 13, 16, 0, 2]",ads
0,223,22094915404080.906,-9.95046713067594,-14.306546389013468,"[15, 10, 13, 16, 0]",des
0,224,9.122249137179386e-15,-10.797184384713642,-15.15326364305117,"[15, 10, 13, 16, 0, 2]",ads
0,225,300685423252751.6,-9.95046713067594,-14.306546389013468,"[15, 10, 13, 16, 0]",des
0,226,1.8729845424474456e-15,-10.797184384713642,-15.15326364305117,"[15, 10, 13, 16, 0, 2]",ads
0,227,417778561072746.4,-9.95046713067594,-14.306546389013468,"[15, 10, 13, 16, 0]",des
0,228,2.294331685324952e-14,-10.797184384713642,-15.15326364305117,"[15, 10, 13, 16, 0, 2]",ads
0,229,435123421984004.0,-9.95046713067594,-14.306546389013468,"[15, 10, 13, 16, 0]",des
0,230,3.3511262118051646e-15,-10.797184384713642,-15.15326364305117,"[15, 10, 13, 16, 0, 2]",ads
0,231,95793490373856.94,-9.95046713067594,-14.306546389013468,"[15, 10, 13, 16, 0]",des
0,232,3.605282499597958e-15,-10.797184384713642,-15.15326364305117,"[15, 10, 13, 16, 0, 2]",ads
0,233,202511047715478.6,-9.95046713067594,-14.306546389013468,"[15, 10, 13, 16, 0]",des
0,234,9.024195744043745e-15,-10.797184384713642,-15.15326364305117,"[15, 10, 13, 16, 0, 2]",ads
0,235,159091985352341.12,-9.95046713067594,-14.306546389013468,"[15, 10, 13, 16, 0]",des
0,236,9.929874727496528e-15,-10.797184384713642,-15.15326364305117,"[15, 10, 13, 16, 0, 2]",ads
0,237,93499091801166.19,-9.95046713067594,-14.306546389013468,"[15, 10, 13, 16, 0]",des
0,238,2.5938935142353983e-15,-10.797184384713642,-15.15326364305117,"[15, 10, 13, 16, 0, 2]",ads
0,239,257493136123845.1,-9.95046713067594,-14.306546389013468,"[15, 10, 13, 16, 0]",des
0,240,1.6148491355003772e-15,-10.797184384713642,-15.15326364305117,"[15, 10, 13, 16, 0, 2]",ads
0,241,89999089666941.19,-9.95046713067594,-14.306546389013468,"[15, 10, 13, 16, 0]",des
0,242,2.627991582260574e-16,-10.797184384713642,-15.15326364305117,"[15, 10, 13, 16, 0, 2]",ads
0,243,266509125453054.94,-9.95046713067594,-14.306546389013468,"[15, 10, 13, 16, 0]",des
0,244,1.19070116898196e-14,-10.797184384713642,-15.15326364305117,"[15, 10, 13, 16, 0, 2]",ads
0,245,117269252653281.92,-9.95046713067594,-14.306546389013468,"[15, 10, 13, 16, 0]",des
0,246,5.078398615400367e-15,-10.797184384713642,-15.15326364305117,"[15, 10, 13, 16, 0, 2]",ads
0,247,96069573042597.77,-9.95046713067594,-14.306546389013468,"[15, 10, 13, 16, 0]",des
0,248,2.2189096326139782e-15,-10.797184384713642,-15.15326364305117,"[15, 10, 13, 16, 0, 2]",ads
0,249,53625115092644.766,-9.95046713067594,-14.306546389013468,"[15, 10, 13, 16, 0]",des
0,250,7.542762089527974e-15,-10.797184384713642,-15.15326364305117,"[15, 10, 13, 16, 0, 2]",ads
0,251,174362685391907.16,-9.95046713067594,-14.306546389013468,"[15, 10, 13, 16, 0]",des
0,252,1.0543719091639776e-14,-10.797184384713642,-15.15326364305117,"[15, 10, 13, 16, 0, 2]",ads
0,253,140341566230538.31,-9.95046713067594,-14.306546389013468,"[15, 10, 13, 16, 0]",des
0,254,1.1771405290585748e-14,-10.797184384713642,-15.15326364305117,"[15, 10, 13, 16, 0, 2]",ads
0,255,92402154934410.45,-9.95046713067594,-14.306546389013468,"[15, 10, 13, 16, 0]",des
0,256,9.458136948371478e-16,-10.797184384713642,-15.15326364305117,"[15, 10, 13, 16, 0, 2]",ads
0,257,115773015881911.53,-9.95046713067594,-14.306546389013468,"[15, 10, 13, 16, 0]",des
0,258,8.16464502448797e-15,-10.797184384713642,-15.15326364305117,"[15, 10, 13, 16, 0, 2]",ads
0,259,103340343134523.78,-9.95046713067594,-14.306546389013468,"[15, 10, 13, 16, 0]",des
0,260,1.0508757883311123e-14,-10.797184384713642,-15.15326364305117,"[15, 10, 13, 16, 0, 2]",ads
0,261,424924668319196.8,-9.95046713067594,-14.306546389013468,"[15, 10, 13, 16, 0]",des
0,262,5.421651035846482e-15,-10.797184384713642,-15.15326364305117,"[15, 10, 13, 16, 0, 2]",ads
0,263,20589509878405.95,-9.95046713067594,-14.306546389013468,"[15, 10, 13, 16, 0]",des
0,264,8.264848693281618e-15,-10.797184384713642,-15.15326364305117,"[15, 10, 13, 16, 0, 2]",ads
0,265,212586740759528.34,-9.95046713067594,-14.306546389013468,"[15, 10, 13, 16, 0]",des
0,266,4.799670592369376e-15,-10.797184384713642,-15.15326364305117,"[15, 10, 13, 16, 0, 2]",ads
0,267,183984507256236.38,-9.95046713067594,-14.306546389013468,"[15, 10, 13, 16, 0]",des
0,268,1.1977235096399897e-14,-10.797184384713642,-15.15326364305117,"[15, 10, 13, 16, 0, 2]",ads
0,269,140086780583919.08,-9.95046713067594,-14.306546389013468,"[15, 10, 13, 16, 0]",des
0,270,7.677705815960074e-15,-10.797184384713642,-15.15326364305117,"[15, 10, 13, 16, 0, 2]",ads
0,271,571511748617735.5,-9.95046713067594,-14.306546389013468,"[15, 10, 13, 16, 0]",des
0,272,2.2449212440133602e-15,-10.797184384713642,-15.15326364305117,"[15, 10, 13, 16, 0, 2]",ads
0,273,208251484633856.9,-9.95046713067594,-14.306546389013468,"[15, 10, 13, 16, 0]",des
0,274,2.946217054264745e-15,-10.797184384713642,-15.15326364305117,"[15, 10, 13, 16, 0, 2]",ads
0,275,4707041413324.319,-9.95046713067594,-14.306546389013468,"[15, 10, 13, 16, 0]",des
0,276,1.4113491015501763e-15,-10.797184384713642,-15.15326364305117,"[15, 10, 13, 16, 0, 2]",ads
0,277,11292369507771.412,-9.95046713067594,-14.306546389013468,"[15, 10, 13, 16, 0]",des
0,278,1.2958864388570318e-14,-10.797184384713642,-15.15326364305117,"[15, 10, 13, 16, 0, 2]",ads
0,279,171423385656379.28,-9.95046713067594,-14.306546389013468,"[15, 10, 13, 16, 0]",des
0,280,5.0366097050088925e-15,-10.797184384713642,-15.15326364305117,"[15, 10, 13, 16, 0, 2]",ads
0,281,31375619320702.516,-9.95046713067594,-14.306546389013468,"[15, 10, 13, 16, 0]",des
0,282,9.204091115626587e-15,-10.797184384713642,-15.15326364305117,"[15, 10, 13, 16, 0, 2]",ads
0,283,50268095973307.8,-9.95046713067594,-14.306546389013468,"[15, 10, 13, 16, 0]",des
0,284,5.250876934122938e-15,-10.797184384713642,-15.15326364305117,"[15, 10, 13, 16, 0, 2]",ads
0,285,130179284061879.02,-9.95046713067594,-14.306546389013468,"[15, 10, 13, 16, 0]",des
0,286,9.560371353400792e-15,-10.797184384713642,-15.15326364305117,"[15, 10, 13, 16, 0, 2]",ads
0,287,40658515210815.79,-9.95046713067594,-14.306546389013468,"[15, 10, 13, 16, 0]",des
0,288,1.3290393773059328e-15,-10.797184384713642,-15.15326364305117,"[15, 10, 13, 16, 0, 2]",ads
0,289,178657650997106.03,-9.95046713067594,-14.306546389013468,"[15, 10, 13, 16, 0]",des
0,290,1.8830137803644635e-15,-10.797184384713642,-15.15326364305117,"[15, 10, 13, 16, 0, 2]",ads
0,291,252974087423694.47,-9.95046713067594,-14.306546389013468,"[15, 10, 13, 16, 0]",des
0,292,2.6648787848846293e-15,-10.797184384713642,-15.15326364305117,"[15, 10, 13, 16, 0, 2]",ads
0,293,99401983811970.34,-9.95046713067594,-14.306546389013468,"[15, 10, 13, 16, 0]",des
0,294,3.5073115659777504e-15,-10.797184384713642,-15.15326364305117,"[15, 10, 13, 16, 0, 2]",ads
0,295,43634155910103.71,-9.95046713067594,-14.306546389013468,"[15, 10, 13, 16, 0]",des
0,296,3.355450908527459e-14,-10.797184384713642,-15.15326364305117,"[15, 10, 13, 16, 0, 2]",ads
0,297,116634464055384.97,-9.95046713067594,-14.306546389013468,"[15, 10, 13, 16, 0]",des
0,298,3.916579477268312e-16,-10.797184384713642,-15.15326364305117,"[15, 10, 13, 16, 0, 2]",ads
0,299,5025267852390.256,-9.95046713067594,-14.306546389013468,"[15, 10, 13, 16, 0]",des
0,300,1.5872187511813251e-15,-10.797184384713642,-15.15326364305117,"[15, 10, 13, 16, 0, 2]",ads
0,301,240446515198529.03,-9.95046713067594,-14.306546389013468,"[15, 10, 13, 16, 0]",des
0,302,6.964325457370223e-15,-10.797184384713642,-15.15326364305117,"[15, 10, 13, 16, 0, 2]",ads
0,303,3965202884855.8813,-9.95046713067594,-14.306546389013468,"[15, 10, 13, 16, 0]",des
0,304,1.845124345441854e-15,-10.797184384713642,-15.15326364305117,"[15, 10, 13, 16, 0, 2]",ads
0,305,584127527465286.4,-9.95046713067594,-14.306546389013468,"[15, 10, 13, 16, 0]",des
0,306,7.486930313832897e-15,-10.797184384713642,-15.15326364305117,"[15, 10, 13, 16, 0, 2]",ads
0,307,99071270194018.08,-9.95046713067594,-14.306546389013468,"[15, 10, 13, 16, 0]",des
0,308,2.2721557948915918e-15,-10.797184384713642,-15.15326364305117,"[15, 10, 13, 16, 0, 2]",ads
0,309,86732187504128.89,-9.95046713067594,-14.306546389013468,"[15, 10, 13, 16, 0]",des
0,310,4.6667518808744246e-17,-10.797184384713642,-15.15326364305117,"[15, 10, 13, 16, 0, 2]",ads
0,311,124773865984709.39,-9.95046713067594,-14.306546389013468,"[15, 10, 13, 16, 0]",des
0,312,4.92188540882993e-15,-10.797184384713642,-15.15326364305117,"[15, 10, 13, 16, 0, 2]",ads
0,313,14726683700172.035,-9.95046713067594,-14.306546389013468,"[15, 10, 13, 16, 0]",des
0,314,6.2808198262539325e-15,-10.797184384713642,-15.15326364305117,"[15, 10, 13, 16, 0, 2]",ads
0,315,51313852525150.98,-9.95046713067594,-14.306546389013468,"[15, 10, 13, 16, 0]",des
0,316,1.2366692397497058e-15,-10.797184384713642,-15.15326364305117,"[15, 10, 13, 16, 0, 2]",ads
0,317,33862302590127.484,-9.95046713067594,-14.306546389013468,"[15, 10, 13, 16, 0]",des
0,318,2.3898685783960274e-15,-10.797184384713642,-15.15326364305117,"[15, 10, 13, 16, 0, 2]",ads
0,319,228626405966028.88,-9.95046713067594,-14.306546389013468,"[15, 10, 13, 16, 0]",des
0,320,1.521343285863363e-14,-10.797184384713642,-15.15326364305117,"[15, 10, 13, 16, 0, 2]",ads
0,321,179174449361128.03,-9.95046713067594,-14.306546389013468,"[15, 10, 13, 16, 0]",des
0,322,2.190414176343866e-15,-10.797184384713642,-15.15326364305117,"[15, 10, 13, 16, 0, 2]",ads
0,323,160508127254601.3,-9.95046713067594,-14.306546389013468,"[15, 10, 13, 16, 0]",des
0,324,8.85960584673716e-15,-10.797184384713642,-15.15326364305117,"[15, 10, 13, 16, 0, 2]",ads
0,325,117080016118153.23,-9.95046713067594,-14.306546389013468,"[15, 10, 13, 16, 0]",des
0,326,1.3519434682355578e-15,-10.797184384713642,-15.15326364305117,"[15, 10, 13, 16, 0, 2]",ads
0,327,49467916182171.54,-9.95046713067594,-14.306546389013468,"[15, 10, 13, 16, 0]",des
0,328,2.7851371993905254e-16,-10.797184384713642,-15.15326364305117,"[15, 10, 13, 16, 0, 2]",ads
0,329,57229900162654.82,-9.95046713067594,-14.306546389013468,"[15, 10, 13, 16, 0]",des
0,330,4.0636261360830816e-15,-10.797184384713642,-15.15326364305117,"[15, 10, 13, 16, 0, 2]",ads
0,331,196486519800317.28,-9.95046713067594,-14.306546389013468,"[15, 10, 13, 16, 0]",des
0,332,1.1671009711681792e-16,-10.797184384713642,-15.15326364305117,"[15, 10, 13, 16, 0, 2]",ads
0,333,24161166546825.113,-9.95046713067594,-14.306546389013468,"[15, 10, 13, 16, 0]",des
0,334,5.879277276073699e-15,-10.797184384713642,-15.15326364305117,"[15, 10, 13, 16, 0, 2]",ads
0,335,135077187729720.92,-9.95046713067594,-14.306546389013468,"[15, 10, 13, 16, 0]",des
0,336,8.726472219524958e-15,-10.797184384713642,-15.15326364305117,"[15, 10, 13, 16, 0, 2]",ads
0,337,95564343565195.56,-9.95046713067594,-14.306546389013468,"[15, 10, 13, 16, 0]",des
0,338,1.266860054920086e-14,-10.797184384713642,-15.15326364305117,"[15, 10, 13, 16, 0, 2]",ads
0,339,172994549951216.78,-9.95046713067594,-14.306546389013468,"[15, 10, 13, 16, 0]",des
0,340,1.2049322431153152e-14,-10.797184384713642,-15.15326364305117,"[15, 10, 13, 16, 0, 2]",ads
0,341,161132424879487.12,-9.95046713067594,-14.306546389013468,"[15, 10, 13, 16, 0]",des
0,342,1.9689645584503036e-15,-10.797184384713642,-15.15326364305117,"[15, 10, 13, 16, 0, 2]",ads
0,343,118221390945278.72,-9.95046713067594,-14.306546389013468,"[15, 10, 13, 16, 0]",des
0,344,3.904979270329923e-15,-10.797184384713642,-15.15326364305117,"[15, 10, 13, 16, 0, 2]",ads
0,345,7588151334618.334,-9.95046713067594,-14.306546389013468,"[15, 10, 13, 16, 0]",des
0,346,1.574716116171168e-14,-10.797184384713642,-15.15326364305117,"[15, 10, 13, 16, 0, 2]",ads
0,347,250997453270674.7,-9.95046713067594,-14.306546389013468,"[15, 10, 13, 16, 0]",des
0,348,8.467583315047256e-15,-10.797184384713642,-15.15326364305117,"[15, 10, 13, 16, 0, 2]",ads
0,349,738847772186203.2,-9.95046713067594,-14.306546389013468,"[15, 10, 13, 16, 0]",des
0,350,1.0452582849404895e-14,-10.797184384713642,-15.15326364305117,"[15, 10, 13, 16, 0, 2]",ads
0,351,83170138524210.78,-9.95046713067594,-14.306546389013468,"[15, 10, 13, 16, 0]",des
0,352,2.8331139461200654e-15,-10.797184384713642,-15.15326364305117,"[15, 10, 13, 16, 0, 2]",ads
0,353,131632205410726.56,-9.95046713067594,-14.306546389013468,"[15, 10, 13, 16, 0]",des
0,354,1.88620230939627e-15,-10.797184384713642,-15.15326364305117,"[15, 10, 13, 16, 0, 2]",ads
0,355,186574574687620.72,-9.95046713067594,-14.306546389013468,"[15, 10, 13, 16, 0]",des
0,356,1.4382585099839397e-15,-10.797184384713642,-15.15326364305117,"[15, 10, 13, 16, 0, 2]",ads
0,357,114812710673857.56,-9.95046713067594,-14.306546389013468,"[15, 10, 13, 16, 0]",des
0,358,1.9233237439161115e-16,-10.797184384713642,-15.15326364305117,"[15, 10, 13, 16, 0, 2]",ads
0,359,88548910959499.84,-9.95046713067594,-14.306546389013468,"[15, 10, 13, 16, 0]",des
0,360,7.992867950189113e-16,-10.797184384713642,-15.15326364305117,"[15, 10, 13, 16, 0, 2]",ads
0,361,234037176144659.9,-9.95046713067594,-14.306546389013468,"[15, 10, 13, 16, 0]",des
0,362,1.3780705110185807e-14,-10.797184384713642,-15.15326364305117,"[15, 10, 13, 16, 0, 2]",ads
0,363,246299350286927.94,-9.95046713067594,-14.306546389013468,"[15, 10, 13, 16, 0]",des
0,364,9.00267405989326e-16,-10.797184384713642,-15.15326364305117,"[15, 10, 13, 16, 0, 2]",ads
0,365,50624757145526.02,-9.95046713067594,-14.306546389013468,"[15, 10, 13, 16, 0]",des
0,366,6.097599412972991e-15,-10.797184384713642,-15.15326364305117,"[15, 10, 13, 16, 0, 2]",ads
0,367,29341532428580.004,-9.95046713067594,-14.306546389013468,"[15, 10, 13, 16, 0]",des
0,368,7.225724609625992e-16,-10.797184384713642,-15.15326364305117,"[15, 10, 13, 16, 0, 2]",ads
0,369,62674668031458.03,-9.95046713067594,-14.306546389013468,"[15, 10, 13, 16, 0]",des
0,370,4.422608764130015e-15,-10.797184384713642,-15.15326364305117,"[15, 10, 13, 16, 0, 2]",ads
0,371,48181930640079.266,-9.95046713067594,-14.306546389013468,"[15, 10, 13, 16, 0]",des
0,372,1.2610836397324995e-14,-10.797184384713642,-15.15326364305117,"[15, 10, 13, 16, 0, 2]",ads
0,373,54646267202348.21,-9.95046713067594,-14.306546389013468,"[15, 10, 13, 16, 0]",des
0,374,1.9712777833027854e-15,-10.797184384713642,-15.15326364305117,"[15, 10, 13, 16, 0, 2]",ads
0,375,446721937026850.75,-9.95046713067594,-14.306546389013468,"[15, 10, 13, 16, 0]",des
0,376,3.0755651680083077e-15,-10.797184384713642,-15.15326364305117,"[15, 10, 13, 16, 0, 2]",ads
0,377,192592145891448.28,-9.95046713067594,-14.306546389013468,"[15, 10, 13, 16, 0]",des
0,378,1.4887612152356103e-14,-10.797184384713642,-15.15326364305117,"[15, 10, 13, 16, 0, 2]",ads
0,379,227235842313522.5,-9.95046713067594,-14.306546389013468,"[15, 10, 13, 16, 0]",des
0,380,1.2026547645338222e-14,-10.797184384713642,-15.15326364305117,"[15, 10, 13, 16, 0, 2]",ads
0,381,85458895867386.42,-9.95046713067594,-14.306546389013468,"[15, 10, 13, 16, 0]",des
0,382,1.426245406844439e-14,-10.797184384713642,-15.15326364305117,"[15, 10, 13, 16, 0, 2]",ads
0,383,41849161286161.54,-9.95046713067594,-14.306546389013468,"[15, 10, 13, 16, 0]",des
0,384,1.281056825917851e-15,-10.797184384713642,-15.15326364305117,"[15, 10, 13, 16, 0, 2]",ads
0,385,169152121277936.53,-9.95046713067594,-14.306546389013468,"[15, 10, 13, 16, 0]",des
0,386,1.8477215014569737e-15,-10.797184384713642,-15.15326364305117,"[15, 10, 13, 16, 0, 2]",ads
0,387,73899234140992.33,-9.95046713067594,-14.306546389013468,"[15, 10, 13, 16, 0]",des
0,388,1.6911030209029125e-15,-10.797184384713642,-15.15326364305117,"[15, 10, 13, 16, 0, 2]",ads
0,389,13548485243466.604,-9.95046713067594,-14.306546389013468,"[15, 10, 13, 16, 0]",des
0,390,2.942488834467094e-16,-10.797184384713642,-15.15326364305117,"[15, 10, 13, 16, 0, 2]",ads
0,391,50861017892019.07,-9.95046713067594,-14.306546389013468,"[15, 10, 13, 16, 0]",des
0,392,1.8692251173089218e-14,-10.797184384713642,-15.15326364305117,"[15, 10, 13, 16, 0, 2]",ads
0,393,44957839660688.46,-9.95046713067594,-14.306546389013468,"[15, 10, 13, 16, 0]",des
0,394,3.002073397094765e-15,-10.797184384713642,-15.15326364305117,"[15, 10, 13, 16, 0, 2]",ads
0,395,143910713785771.88,-9.95046713067594,-14.306546389013468,"[15, 10, 13, 16, 0]",des
0,396,7.206193456665135e-15,-10.797184384713642,-15.15326364305117,"[15, 10, 13, 16, 0, 2]",ads
0,397,26328116096939.375,-9.95046713067594,-14.306546389013468,"[15, 10, 13, 16, 0]",des
0,398,3.5971414811579094e-15,-10.797184384713642,-15.15326364305117,"[15, 10, 13, 16, 0, 2]",ads
0,399,91958634997328.9,-9.95046713067594,-14.306546389013468,"[15, 10, 13, 16, 0]",des
0,400,1.3920016297442493e-14,-10.797184384713642,-15.15326364305117,"[15, 10, 13, 16, 0, 2]",ads
0,401,500576966711978.1,-9.95046713067594,-14.306546389013468,"[15, 10, 13, 16, 0]",des
0,402,1.2243511312729726e-14,-10.797184384713642,-15.15326364305117,"[15, 10, 13, 16, 0, 2]",ads
0,403,55387418915526.1,-9.95046713067594,-14.306546389013468,"[15, 10, 13, 16, 0]",des
0,404,4.506609575634941e-15,-10.797184384713642,-15.15326364305117,"[15, 10, 13, 16, 0, 2]",ads
0,405,42460957720590.836,-9.95046713067594,-14.306546389013468,"[15, 10, 13, 16, 0]",des
0,406,1.0487024659716832e-15,-10.797184384713642,-15.15326364305117,"[15, 10, 13, 16, 0, 2]",ads
0,407,141598624535589.38,-9.95046713067594,-14.306546389013468,"[15, 10, 13, 16, 0]",des
0,408,1.0399058922990115e-14,-10.797184384713642,-15.15326364305117,"[15, 10, 13, 16, 0, 2]",ads
0,409,626853140365283.2,-9.95046713067594,-14.306546389013468,"[15, 10, 13, 16, 0]",des
0,410,3.7340273298443595e-16,-10.797184384713642,-15.15326364305117,"[15, 10, 13, 16, 0, 2]",ads
0,411,12108014527749.238,-9.95046713067594,-14.306546389013468,"[15, 10, 13, 16, 0]",des
0,412,6.70224575014335e-15,-10.797184384713642,-15.15326364305117,"[15, 10, 13, 16, 0, 2]",ads
0,413,131959549348633.06,-9.95046713067594,-14.306546389013468,"[15, 10, 13, 16, 0]",des
0,414,1.2344479902000525e-14,-10.797184384713642,-15.15326364305117,"[15, 10, 13, 16, 0, 2]",ads
0,415,487080301672117.56,-9.95046713067594,-14.306546389013468,"[15, 10, 13, 16, 0]",des
0,416,7.0585003328893014e-15,-10.797184384713642,-15.15326364305117,"[15, 10, 13, 16, 0, 2]",ads
0,417,53227320664206.04,-9.95046713067594,-14.306546389013468,"[15, 10, 13, 16, 0]",des
0,418,1.3396293258913069e-15,-10.797184384713642,-15.15326364305117,"[15, 10, 13, 16, 0, 2]",ads
0,419,134737241385811.62,-9.95046713067594,-14.306546389013468,"[15, 10, 13, 16, 0]",des
0,420,2.089125285908591e-15,-10.797184384713642,-15.15326364305117,"[15, 10, 13, 16, 0, 2]",ads
0,421,153737926859929.9,-9.95046713067594,-14.306546389013468,"[15, 10, 13, 16, 0]",des
0,422,2.365322217095456e-15,-10.797184384713642,-15.15326364305117,"[15, 10, 13, 16, 0, 2]",ads
0,423,62608188422617.945,-9.95046713067594,-14.306546389013468,"[15, 10, 13, 16, 0]",des
0,424,4.290827325644428e-15,-10.797184384713642,-15.15326364305117,"[15, 10, 13, 16, 0, 2]",ads
0,425,298182144750082.9,-9.95046713067594,-14.306546389013468,"[15, 10, 13, 16, 0]",des
0,426,7.405135308995069e-16,-10.797184384713642,-15.15326364305117,"[15, 10, 13, 16, 0, 2]",ads
0,427,297949300229767.06,-9.95046713067594,-14.306546389013468,"[15, 10, 13, 16, 0]",des
0,428,4.453945701541272e-16,-10.797184384713642,-15.15326364305117,"[15, 10, 13, 16, 0, 2]",ads
0,429,118725963411254.47,-9.95046713067594,-14.306546389013468,"[15, 10, 13, 16, 0]",des
0,430,2.8579093663977267e-15,-10.797184384713642,-15.15326364305117,"[15, 10, 13, 16, 0, 2]",ads
0,431,344565072373534.0,-9.95046713067594,-14.306546389013468,"[15, 10, 13, 16, 0]",des
0,432,4.702549963507689e-15,-10.797184384713642,-15.15326364305117,"[15, 10, 13, 16, 0, 2]",ads
0,433,22837953197436.54,-9.95046713067594,-14.306546389013468,"[15, 10, 13, 16, 0]",des
0,434,4.2321619024127784e-16,-10.797184384713642,-15.15326364305117,"[15, 10, 13, 16, 0, 2]",ads
0,435,126120221289501.56,-9.95046713067594,-14.306546389013468,"[15, 10, 13, 16, 0]",des
0,436,1.0779370711948667e-14,-10.797184384713642,-15.15326364305117,"[15, 10, 13, 16, 0, 2]",ads
0,437,64195499681510.36,-9.95046713067594,-14.306546389013468,"[15, 10, 13, 16, 0]",des
0,438,2.4668815631679006e-15,-10.797184384713642,-15.15326364305117,"[15, 10, 13, 16, 0, 2]",ads
0,439,382650137927445.75,-9.95046713067594,-14.306546389013468,"[15, 10, 13, 16, 0]",des
0,440,9.097402365261104e-15,-10.797184384713642,-15.15326364305117,"[15, 10, 13, 16, 0, 2]",ads
0,441,270607522023014.38,-9.95046713067594,-14.306546389013468,"[15, 10, 13, 16, 0]",des
0,442,4.995328928890556e-15,-10.797184384713642,-15.15326364305117,"[15, 10, 13, 16, 0, 2]",ads
0,443,179915265171036.72,-9.95046713067594,-14.306546389013468,"[15, 10, 13, 16, 0]",des
0,444,3.1437679111761476e-15,-10.797184384713642,-15.15326364305117,"[15, 10, 13, 16, 0, 2]",ads
0,445,534158618970807.94,-9.95046713067594,-14.306546389013468,"[15, 10, 13, 16, 0]",des
0,446,2.501949185010629e-15,-10.797184384713642,-15.15326364305117,"[15, 10, 13, 16, 0, 2]",ads
0,447,726420679818321.2,-9.95046713067594,-14.306546389013468,"[15, 10, 13, 16, 0]",des
0,448,7.701264641540403e-15,-10.797184384713642,-15.15326364305117,"[15, 10, 13, 16, 0, 2]",ads
0,449,25218506694436.766,-9.95046713067594,-14.306546389013468,"[15, 10, 13, 16, 0]",des
0,450,3.263706402895412e-15,-10.797184384713642,-15.15326364305117,"[15, 10, 13, 16, 0, 2]",ads
0,451,159295601112063.34,-9.95046713067594,-14.306546389013468,"[15, 10, 13, 16, 0]",des
0,452,8.691992541135434e-15,-10.797184384713642,-15.15326364305117,"[15, 10, 13, 16, 0, 2]",ads
0,453,14341486474150.256,-9.95046713067594,-14.306546389013468,"[15, 10, 13, 16, 0]",des
0,454,6.938613859341247e-15,-10.797184384713642,-15.15326364305117,"[15, 10, 13, 16, 0, 2]",ads
0,455,286588903391269.3,-9.95046713067594,-14.306546389013468,"[15, 10, 13, 16, 0]",des
0,456,8.187953562868284e-15,-10.797184384713642,-15.15326364305117,"[15, 10, 13, 16, 0, 2]",ads
0,457,300605734927792.06,-9.95046713067594,-14.306546389013468,"[15, 10, 13, 16, 0]",des
0,458,7.54412549988339e-15,-10.797184384713642,-15.15326364305117,"[15, 10, 13, 16, 0, 2]",ads
0,459,211046829034039.3,-9.95046713067594,-14.306546389013468,"[15, 10, 13, 16, 0]",des
0,460,1.0163897873125538e-15,-10.797184384713642,-15.15326364305117,"[15, 10, 13, 16, 0, 2]",ads
0,461,92226150101409.64,-9.95046713067594,-14.306546389013468,"[15, 10, 13, 16, 0]",des
0,462,1.2855952670924082e-14,-10.797184384713642,-15.15326364305117,"[15, 10, 13, 16, 0, 2]",ads
0,463,365100453215433.1,-9.95046713067594,-14.306546389013468,"[15, 10, 13, 16, 0]",des
0,464,6.866440100401941e-15,-10.797184384713642,-15.15326364305117,"[15, 10, 13, 16, 0, 2]",ads
0,465,63171190580014.7,-9.95046713067594,-14.306546389013468,"[15, 10, 13, 16, 0]",des
0,466,1.1585897123428762e-14,-10.797184384713642,-15.15326364305117,"[15, 10, 13, 16, 0, 2]",ads
0,467,302509871285439.44,-9.95046713067594,-14.306546389013468,"[15, 10, 13, 16, 0]",des
0,468,3.3257927004073317e-15,-10.797184384713642,-15.15326364305117,"[15, 10, 13, 16, 0, 2]",ads
0,469,120905145737221.25,-9.95046713067594,-14.306546389013468,"[15, 10, 13, 16, 0]",des
0,470,9.518840307179671e-15,-10.797184384713642,-15.15326364305117,"[15, 10, 13, 16, 0, 2]",ads
0,471,266710937442277.78,-9.95046713067594,-14.306546389013468,"[15, 10, 13, 16, 0]",des
0,472,3.2260416441275257e-15,-10.797184384713642,-15.15326364305117,"[15, 10, 13, 16, 0, 2]",ads
0,473,348911764882490.0,-9.95046713067594,-14.306546389013468,"[15, 10, 13, 16, 0]",des
0,474,6.539826815251331e-16,-10.797184384713642,-15.15326364305117,"[15, 10, 13, 16, 0, 2]",ads
0,475,107948067418299.97,-9.95046713067594,-14.306546389013468,"[15, 10, 13, 16, 0]",des
0,476,4.1885375775359745e-15,-10.797184384713642,-15.15326364305117,"[15, 10, 13, 16, 0, 2]",ads
0,477,117999867208253.62,-9.95046713067594,-14.306546389013468,"[15, 10, 13, 16, 0]",des
0,478,6.322139607711628e-15,-10.797184384713642,-15.15326364305117,"[15, 10, 13, 16, 0, 2]",ads
0,479,438960951501367.06,-9.95046713067594,-14.306546389013468,"[15, 10, 13, 16, 0]",des
0,480,3.3497903699722e-15,-10.797184384713642,-15.15326364305117,"[15, 10, 13, 16, 0, 2]",ads
0,481,12309554222284.328,-9.95046713067594,-14.306546389013468,"[15, 10, 13, 16, 0]",des
0,482,1.788959637544144e-15,-10.797184384713642,-15.15326364305117,"[15, 10, 13, 16, 0, 2]",ads
0,483,277187528953192.47,-9.95046713067594,-14.306546389013468,"[15, 10, 13, 16, 0]",des
0,484,4.671616369599184e-16,-10.797184384713642,-15.15326364305117,"[15, 10, 13, 16, 0, 2]",ads
0,485,92032264128384.0,-9.95046713067594,-14.306546389013468,"[15, 10, 13, 16, 0]",des
0,486,4.589194261749561e-15,-10.797184384713642,-15.15326364305117,"[15, 10, 13, 16, 0, 2]",ads
0,487,290340646130908.2,-9.95046713067594,-14.306546389013468,"[15, 10, 13, 16, 0]",des
0,488,1.0830082048580185e-14,-10.797184384713642,-15.15326364305117,"[15, 10, 13, 16, 0, 2]",ads
0,489,199749942562179.7,-9.95046713067594,-14.306546389013468,"[15, 10, 13, 16, 0]",des
0,490,6.364185057529714e-15,-10.797184384713642,-15.15326364305117,"[15, 10, 13, 16, 0, 2]",ads
0,491,11687026624594.799,-9.95046713067594,-14.306546389013468,"[15, 10, 13, 16, 0]",des
0,492,6.255632887309025e-15,-10.797184384713642,-15.15326364305117,"[15, 10, 13, 16, 0, 2]",ads
0,493,246843010639118.2,-9.95046713067594,-14.306546389013468,"[15, 10, 13, 16, 0]",des
0,494,1.2983660941554062e-16,-10.797184384713642,-15.15326364305117,"[15, 10, 13, 16, 0, 2]",ads
0,495,3433721335609.652,-9.95046713067594,-14.306546389013468,"[15, 10, 13, 16, 0]",des
0,496,2.502828160078638e-15,-10.797184384713642,-15.15326364305117,"[15, 10, 13, 16, 0, 2]",ads
0,497,235317031288369.94,-9.95046713067594,-14.306546389013468,"[15, 10, 13, 16, 0]",des
0,498,1.2754006231627939e-15,-10.797184384713642,-15.15326364305117,"[15, 10, 13, 16, 0, 2]",ads
0,499,228546822805139.34,-9.95046713067594,-14.306546389013468,"[15, 10, 13, 16, 0]",des
0,500,1.438386989948832e-14,-10.797184384713642,-15.15326364305117,"[15, 10, 13, 16, 0, 2]",ads
0,501,92330912407093.61,-9.95046713067594,-14.306546389013468,"[15, 10, 13, 16, 0]",des
0,502,2.6302440469603375e-15,-10.797184384713642,-15.15326364305117,"[15, 10, 13, 16, 0, 2]",ads
0,503,120755461938467.47,-9.95046713067594,-14.306546389013468,"[15, 10, 13, 16, 0]",des
0,504,1.358190436544872e-15,-10.797184384713642,-15.15326364305117,"[15, 10, 13, 16, 0, 2]",ads
0,505,57329950111346.92,-9.95046713067594,-14.306546389013468,"[15, 10, 13, 16, 0]",des
0,506,5.8757048953005926e-15,-10.797184384713642,-15.15326364305117,"[15, 10, 13, 16, 0, 2]",ads
0,507,47905063671225.51,-9.95046713067594,-14.306546389013468,"[15, 10, 13, 16, 0]",des
0,508,1.3306799573101663e-14,-10.797184384713642,-15.15326364305117,"[15, 10, 13, 16, 0, 2]",ads
0,509,425907174986765.06,-9.95046713067594,-14.306546389013468,"[15, 10, 13, 16, 0]",des
0,510,4.555096460080554e-15,-10.797184384713642,-15.15326364305117,"[15, 10, 13, 16, 0, 2]",ads
0,511,36960132135030.35,-9.95046713067594,-14.306546389013468,"[15, 10, 13, 16, 0]",des
0,512,8.625472756289275e-15,-10.797184384713642,-15.15326364305117,"[15, 10, 13, 16, 0, 2]",ads
0,513,137850250723556.69,-9.95046713067594,-14.306546389013468,"[15, 10, 13, 16, 0]",des
0,514,1.540761281598314e-15,-10.797184384713642,-15.15326364305117,"[15, 10, 13, 16, 0, 2]",ads
0,515,504428259514140.56,-9.95046713067594,-14.306546389013468,"[15, 10, 13, 16, 0]",des
0,516,7.318975521411165e-15,-10.797184384713642,-15.15326364305117,"[15, 10, 13, 16, 0, 2]",ads
0,517,202783235193620.2,-9.95046713067594,-14.306546389013468,"[15, 10, 13, 16, 0]",des
0,518,1.182969556615051e-15,-10.797184384713642,-15.15326364305117,"[15, 10, 13, 16, 0, 2]",ads
0,519,148226878968990.72,-9.95046713067594,-14.306546389013468,"[15, 10, 13, 16, 0]",des
0,520,3.2236812276808015e-15,-10.797184384713642,-15.15326364305117,"[15, 10, 13, 16, 0, 2]",ads
0,521,33421109958953.355,-9.95046713067594,-14.306546389013468,"[15, 10, 13, 16, 0]",des
0,522,8.778306984530008e-16,-10.797184384713642,-15.15326364305117,"[15, 10, 13, 16, 0, 2]",ads
0,523,132594606410317.5,-9.95046713067594,-14.306546389013468,"[15, 10, 13, 16, 0]",des
0,524,3.6812310491530165e-15,-10.797184384713642,-15.15326364305117,"[15, 10, 13, 16, 0, 2]",ads
0,525,788470356313401.9,-9.95046713067594,-14.306546389013468,"[15, 10, 13, 16, 0]",des
0,526,7.749917742786493e-15,-10.797184384713642,-15.15326364305117,"[15, 10, 13, 16, 0, 2]",ads
0,527,203881100946504.28,-9.95046713067594,-14.306546389013468,"[15, 10, 13, 16, 0]",des
0,528,4.6980399018563815e-15,-10.797184384713642,-15.15326364305117,"[15, 10, 13, 16, 0, 2]",ads
0,529,153879964743044.9,-9.95046713067594,-14.306546389013468,"[15, 10, 13, 16, 0]",des
0,530,7.426630220118653e-15,-10.797184384713642,-15.15326364305117,"[15, 10, 13, 16, 0, 2]",ads
0,531,61156306052361.29,-9.95046713067594,-14.306546389013468,"[15, 10, 13, 16, 0]",des
0,532,3.1416511229293165e-15,-10.797184384713642,-15.15326364305117,"[15, 10, 13, 16, 0, 2]",ads
0,533,43768894806239.09,-9.95046713067594,-14.306546389013468,"[15, 10, 13, 16, 0]",des
0,534,7.549927632529344e-15,-10.797184384713642,-15.15326364305117,"[15, 10, 13, 16, 0, 2]",ads
0,535,415920000349277.06,-9.95046713067594,-14.306546389013468,"[15, 10, 13, 16, 0]",des
0,536,8.773454901638265e-15,-10.797184384713642,-15.15326364305117,"[15, 10, 13, 16, 0, 2]",ads
0,537,500492875201142.8,-9.95046713067594,-14.306546389013468,"[15, 10, 13, 16, 0]",des
0,538,1.9659552452005917e-14,-10.797184384713642,-15.15326364305117,"[15, 10, 13, 16, 0, 2]",ads
0,539,206383911701228.53,-9.95046713067594,-14.306546389013468,"[15, 10, 13, 16, 0]",des
0,540,6.5637400706885616e-15,-10.797184384713642,-15.15326364305117,"[15, 10, 13, 16, 0, 2]",ads
0,541,382624380263422.1,-9.95046713067594,-14.306546389013468,"[15, 10, 13, 16, 0]",des
0,542,2.2549126658025095e-15,-10.797184384713642,-15.15326364305117,"[15, 10, 13, 16, 0, 2]",ads
0,543,47636985590609.92,-9.95046713067594,-14.306546389013468,"[15, 10, 13, 16, 0]",des
0,544,2.8248179018932914e-15,-10.797184384713642,-15.15326364305117,"[15, 10, 13, 16, 0, 2]",ads
0,545,112784225926898.67,-9.95046713067594,-14.306546389013468,"[15, 10, 13, 16, 0]",des
0,546,3.628341314411407e-15,-10.797184384713642,-15.15326364305117,"[15, 10, 13, 16, 0, 2]",ads
0,547,807175464627858.9,-9.95046713067594,-14.306546389013468,"[15, 10, 13, 16, 0]",des
0,548,7.0088161806657695e-15,-10.797184384713642,-15.15326364305117,"[15, 10, 13, 16, 0, 2]",ads
0,549,286540955513683.6,-9.95046713067594,-14.306546389013468,"[15, 10, 13, 16, 0]",des
0,550,6.0425787279880165e-15,-10.797184384713642,-15.15326364305117,"[15, 10, 13, 16, 0, 2]",ads
0,551,14192515056805.1,-9.95046713067594,-14.306546389013468,"[15, 10, 13, 16, 0]",des
0,552,5.60118576905385e-15,-10.797184384713642,-15.15326364305117,"[15, 10, 13, 16, 0, 2]",ads
0,553,30185330464406.363,-9.95046713067594,-14.306546389013468,"[15, 10, 13, 16, 0]",des
0,554,4.5218292645675035e-15,-10.797184384713642,-15.15326364305117,"[15, 10, 13, 16, 0, 2]",ads
0,555,54167595670895.55,-9.95046713067594,-14.306546389013468,"[15, 10, 13, 16, 0]",des
0,556,8.969926141043006e-16,-10.797184384713642,-15.15326364305117,"[15, 10, 13, 16, 0, 2]",ads
0,557,208957050045313.34,-9.95046713067594,-14.306546389013468,"[15, 10, 13, 16, 0]",des
0,558,3.069866520928793e-15,-10.797184384713642,-15.15326364305117,"[15, 10, 13, 16, 0, 2]",ads
0,559,220683543843290.06,-9.95046713067594,-14.306546389013468,"[15, 10, 13, 16, 0]",des
0,560,1.2886218022138262e-15,-10.797184384713642,-15.15326364305117,"[15, 10, 13, 16, 0, 2]",ads
0,561,66966431723101.91,-9.95046713067594,-14.306546389013468,"[15, 10, 13, 16, 0]",des
0,562,5.994444852682687e-15,-10.797184384713642,-15.15326364305117,"[15, 10, 13, 16, 0, 2]",ads
0,563,12798705013116.195,-9.95046713067594,-14.306546389013468,"[15, 10, 13, 16, 0]",des
0,564,1.6794051369690302e-17,-10.797184384713642,-15.15326364305117,"[15, 10, 13, 16, 0, 2]",ads
0,565,44799803356678.69,-9.95046713067594,-14.306546389013468,"[15, 10, 13, 16, 0]",des
0,566,1.2139512580388841e-14,-10.797184384713642,-15.15326364305117,"[15, 10, 13, 16, 0, 2]",ads
0,567,622289583165413.1,-9.95046713067594,-14.306546389013468,"[15, 10, 13, 16, 0]",des
0,568,9.499145686979703e-16,-10.797184384713642,-15.15326364305117,"[15, 10, 13, 16, 0, 2]",ads
0,569,191084003061370.16,-9.95046713067594,-14.306546389013468,"[15, 10, 13, 16, 0]",des
0,570,6.0493100072676024e-15,-10.797184384713642,-15.15326364305117,"[15, 10, 13, 16, 0, 2]",ads
0,571,141091569817952.9,-9.95046713067594,-14.306546389013468,"[15, 10, 13, 16, 0]",des
0,572,5.3124268651839994e-15,-10.797184384713642,-15.15326364305117,"[15, 10, 13, 16, 0, 2]",ads
0,573,408663820933514.06,-9.95046713067594,-14.306546389013468,"[15, 10, 13, 16, 0]",des
0,574,5.217326376048112e-15,-10.797184384713642,-15.15326364305117,"[15, 10, 13, 16, 0, 2]",ads
0,575,36091406975278.09,-9.95046713067594,-14.306546389013468,"[15, 10, 13, 16, 0]",des
0,576,9.461705834659878e-15,-10.797184384713642,-15.15326364305117,"[15, 10, 13, 16, 0, 2]",ads
0,577,1699942747340.195,-9.95046713067594,-14.306546389013468,"[15, 10, 13, 16, 0]",des
0,578,5.01789039135234e-15,-10.797184384713642,-15.15326364305117,"[15, 10, 13, 16, 0, 2]",ads
0,579,84880861595107.03,-9.95046713067594,-14.306546389013468,"[15, 10, 13, 16, 0]",des
0,580,6.2067682156108016e-15,-10.797184384713642,-15.15326364305117,"[15, 10, 13, 16, 0, 2]",ads
0,581,223753923566883.4,-9.95046713067594,-14.306546389013468,"[15, 10, 13, 16, 0]",des
0,582,3.67684990342972e-14,-10.797184384713642,-15.15326364305117,"[15, 10, 13, 16, 0, 2]",ads
0,583,169084571202308.1,-9.95046713067594,-14.306546389013468,"[15, 10, 13, 16, 0]",des
0,584,2.8034462600256255e-15,-10.797184384713642,-15.15326364305117,"[15, 10, 13, 16, 0, 2]",ads
0,585,232591885510579.3,-9.95046713067594,-14.306546389013468,"[15, 10, 13, 16, 0]",des
0,586,1.5240124930879262e-14,-10.797184384713642,-15.15326364305117,"[15, 10, 13, 16, 0, 2]",ads
0,587,42648081896983.74,-9.95046713067594,-14.306546389013468,"[15, 10, 13, 16, 0]",des
0,588,1.3073133048550052e-14,-10.797184384713642,-15.15326364305117,"[15, 10, 13, 16, 0, 2]",ads
0,589,347891003692532.4,-9.95046713067594,-14.306546389013468,"[15, 10, 13, 16, 0]",des
0,590,1.4739093860098978e-14,-10.797184384713642,-15.15326364305117,"[15, 10, 13, 16, 0, 2]",ads
0,591,27586334225685.457,-9.95046713067594,-14.306546389013468,"[15, 10, 13, 16, 0]",des
0,592,4.652420715792047e-16,-10.797184384713642,-15.15326364305117,"[15, 10, 13, 16, 0, 2]",ads
0,593,70550838703319.39,-9.95046713067594,-14.306546389013468,"[15, 10, 13, 16, 0]",des
0,594,4.822886991365185e-16,-10.797184384713642,-15.15326364305117,"[15, 10, 13, 16, 0, 2]",ads
0,595,150576755122435.03,-9.95046713067594,-14.306546389013468,"[15, 10, 13, 16, 0]",des
0,596,1.5263008762112541e-15,-10.797184384713642,-15.15326364305117,"[15, 10, 13, 16, 0, 2]",ads
0,597,67564412398618.664,-9.95046713067594,-14.306546389013468,"[15, 10, 13, 16, 0]",des
0,598,2.6735997730047116e-15,-10.797184384713642,-15.15326364305117,"[15, 10, 13, 16, 0, 2]",ads
0,599,188896381105594.3,-9.95046713067594,-14.306546389013468,"[15, 10, 13, 16, 0]",des
0,600,8.560843418037252e-16,-10.797184384713642,-15.15326364305117,"[15, 10, 13, 16, 0, 2]",ads
0,601,141419871320410.75,-9.95046713067594,-14.306546389013468,"[15, 10, 13, 16, 0]",des
0,602,1.4514477028798527e-14,-10.797184384713642,-15.15326364305117,"[15, 10, 13, 16, 0, 2]",ads
0,603,196800258962409.47,-9.95046713067594,-14.306546389013468,"[15, 10, 13, 16, 0]",des
0,604,2.0021904627467995e-14,-10.797184384713642,-15.15326364305117,"[15, 10, 13, 16, 0, 2]",ads
0,605,76252848310642.61,-9.95046713067594,-14.306546389013468,"[15, 10, 13, 16, 0]",des
0,606,8.343026994708106e-15,-10.797184384713642,-15.15326364305117,"[15, 10, 13, 16, 0, 2]",ads
0,607,3817593145762.0986,-9.95046713067594,-14.306546389013468,"[15, 10, 13, 16, 0]",des
0,608,4.260769650486402e-15,-10.797184384713642,-15.15326364305117,"[15, 10, 13, 16, 0, 2]",ads
0,609,33314527208857.562,-9.95046713067594,-14.306546389013468,"[15, 10, 13, 16, 0]",des
0,610,1.8256501804779593e-15,-10.797184384713642,-15.15326364305117,"[15, 10, 13, 16, 0, 2]",ads
0,611,31032396281506.19,-9.95046713067594,-14.306546389013468,"[15, 10, 13, 16, 0]",des
0,612,7.650081350778257e-18,-10.797184384713642,-15.15326364305117,"[15, 10, 13, 16, 0, 2]",ads
0,613,46498366201494.17,-9.95046713067594,-14.306546389013468,"[15, 10, 13, 16, 0]",des
0,614,1.1943904030124195e-14,-10.797184384713642,-15.15326364305117,"[15, 10, 13, 16, 0, 2]",ads
0,615,230274221712391.7,-9.95046713067594,-14.306546389013468,"[15, 10, 13, 16, 0]",des
0,616,1.4840411013208184e-14,-10.797184384713642,-15.15326364305117,"[15, 10, 13, 16, 0, 2]",ads
0,617,268021596673402.53,-9.95046713067594,-14.306546389013468,"[15, 10, 13, 16, 0]",des
0,618,8.546223791850318e-15,-10.797184384713642,-15.15326364305117,"[15, 10, 13, 16, 0, 2]",ads
0,619,32440455994578.02,-9.95046713067594,-14.306546389013468,"[15, 10, 13, 16, 0]",des
0,620,1.4892990290425474e-14,-10.797184384713642,-15.15326364305117,"[15, 10, 13, 16, 0, 2]",ads
0,621,85072330715365.95,-9.95046713067594,-14.306546389013468,"[15, 10, 13, 16, 0]",des
0,622,4.9806491034890035e-15,-10.797184384713642,-15.15326364305117,"[15, 10, 13, 16, 0, 2]",ads
0,623,102198438430563.38,-9.95046713067594,-14.306546389013468,"[15, 10, 13, 16, 0]",des
0,624,1.4625724204093096e-14,-10.797184384713642,-15.15326364305117,"[15, 10, 13, 16, 0, 2]",ads
0,625,252805471911306.6,-9.95046713067594,-14.306546389013468,"[15, 10, 13, 16, 0]",des
0,626,7.990210629093815e-17,-10.797184384713642,-15.15326364305117,"[15, 10, 13, 16, 0, 2]",ads
0,627,28417514449133.227,-9.95046713067594,-14.306546389013468,"[15, 10, 13, 16, 0]",des
0,628,1.793908472320359e-15,-10.797184384713642,-15.15326364305117,"[15, 10, 13, 16, 0, 2]",ads
0,629,82396803238117.95,-9.95046713067594,-14.306546389013468,"[15, 10, 13, 16, 0]",des
0,630,2.1321906138556862e-16,-10.797184384713642,-15.15326364305117,"[15, 10, 13, 16, 0, 2]",ads
0,631,6120801813252.698,-9.95046713067594,-14.306546389013468,"[15, 10, 13, 16, 0]",des
0,632,7.265282108665452e-15,-10.797184384713642,-15.15326364305117,"[15, 10, 13, 16, 0, 2]",ads
0,633,437604052689290.9,-9.95046713067594,-14.306546389013468,"[15, 10, 13, 16, 0]",des
0,634,1.1154434686971677e-14,-10.797184384713642,-15.15326364305117,"[15, 10, 13, 16, 0, 2]",ads
0,635,138934351532680.48,-9.95046713067594,-14.306546389013468,"[15, 10, 13, 16, 0]",des
0,636,1.977173185066262e-15,-10.797184384713642,-15.15326364305117,"[15, 10, 13, 16, 0, 2]",ads
0,637,400651242348457.0,-9.95046713067594,-14.306546389013468,"[15, 10, 13, 16, 0]",des
0,638,1.0462153661593456e-15,-10.797184384713642,-15.15326364305117,"[15, 10, 13, 16, 0, 2]",ads
0,639,51065597642383.62,-9.95046713067594,-14.306546389013468,"[15, 10, 13, 16, 0]",des
0,640,2.684030238490217e-15,-10.797184384713642,-15.15326364305117,"[15, 10, 13, 16, 0, 2]",ads
0,641,228980575526990.1,-9.95046713067594,-14.306546389013468,"[15, 10, 13, 16, 0]",des
0,642,1.1387128453739129e-14,-10.797184384713642,-15.15326364305117,"[15, 10, 13, 16, 0, 2]",ads
0,643,159612972597137.25,-9.95046713067594,-14.306546389013468,"[15, 10, 13, 16, 0]",des
0,644,2.4601265426194803e-15,-10.797184384713642,-15.15326364305117,"[15, 10, 13, 16, 0, 2]",ads
0,645,718237288475389.2,-9.95046713067594,-14.306546389013468,"[15, 10, 13, 16, 0]",des
0,646,1.9847592178204338e-15,-10.797184384713642,-15.15326364305117,"[15, 10, 13, 16, 0, 2]",ads
0,647,141567169155767.4,-9.95046713067594,-14.306546389013468,"[15, 10, 13, 16, 0]",des
0,648,1.3266277717059688e-14,-10.797184384713642,-15.15326364305117,"[15, 10, 13, 16, 0, 2]",ads
0,649,214380849408533.34,-9.95046713067594,-14.306546389013468,"[15, 10, 13, 16, 0]",des
0,650,1.0215417344916436e-14,-10.797184384713642,-15.15326364305117,"[15, 10, 13, 16, 0, 2]",ads
0,651,246537604731783.25,-9.95046713067594,-14.306546389013468,"[15, 10, 13, 16, 0]",des
0,652,1.8899827341162564e-15,-10.797184384713642,-15.15326364305117,"[15, 10, 13, 16, 0, 2]",ads
0,653,127888712906176.28,-9.95046713067594,-14.306546389013468,"[15, 10, 13, 16, 0]",des
0,654,2.5957080695057373e-15,-10.797184384713642,-15.15326364305117,"[15, 10, 13, 16, 0, 2]",ads
0,655,60696101044075.164,-9.95046713067594,-14.306546389013468,"[15, 10, 13, 16, 0]",des
0,656,1.0179043409048622e-14,-10.797184384713642,-15.15326364305117,"[15, 10, 13, 16, 0, 2]",ads
0,657,226503197227061.16,-9.95046713067594,-14.306546389013468,"[15, 10, 13, 16, 0]",des
0,658,7.626828692982731e-16,-10.797184384713642,-15.15326364305117,"[15, 10, 13, 16, 0, 2]",ads
0,659,411783923240712.6,-9.95046713067594,-14.306546389013468,"[15, 10, 13, 16, 0]",des
0,660,6.19011094897665e-16,-10.797184384713642,-15.15326364305117,"[15, 10, 13, 16, 0, 2]",ads
0,661,41096997597897.016,-9.95046713067594,-14.306546389013468,"[15, 10, 13, 16, 0]",des
0,662,1.743433671261275e-14,-10.797184384713642,-15.15326364305117,"[15, 10, 13, 16, 0, 2]",ads
0,663,195369857911760.12,-9.95046713067594,-14.306546389013468,"[15, 10, 13, 16, 0]",des
0,664,7.93331103696382e-15,-10.797184384713642,-15.15326364305117,"[15, 10, 13, 16, 0, 2]",ads
0,665,104938956620012.02,-9.95046713067594,-14.306546389013468,"[15, 10, 13, 16, 0]",des
0,666,2.1727965921800477e-14,-10.797184384713642,-15.15326364305117,"[15, 10, 13, 16, 0, 2]",ads
0,667,56581312469968.766,-9.95046713067594,-14.306546389013468,"[15, 10, 13, 16, 0]",des
0,668,8.967202318284944e-16,-10.797184384713642,-15.15326364305117,"[15, 10, 13, 16, 0, 2]",ads
0,669,11581762193077.916,-9.95046713067594,-14.306546389013468,"[15, 10, 13, 16, 0]",des
0,670,9.477111820552629e-15,-10.797184384713642,-15.15326364305117,"[15, 10, 13, 16, 0, 2]",ads
0,671,30328104401447.69,-9.95046713067594,-14.306546389013468,"[15, 10, 13, 16, 0]",des
0,672,7.386047803547735e-15,-10.797184384713642,-15.15326364305117,"[15, 10, 13, 16, 0, 2]",ads
0,673,193145436904335.38,-9.95046713067594,-14.306546389013468,"[15, 10, 13, 16, 0]",des
0,674,2.134754742860015e-16,-10.797184384713642,-15.15326364305117,"[15, 10, 13, 16, 0, 2]",ads
0,675,431243221952404.6,-9.95046713067594,-14.306546389013468,"[15, 10, 13, 16, 0]",des
0,676,1.870828903454191e-15,-10.797184384713642,-15.15326364305117,"[15, 10, 13, 16, 0, 2]",ads
0,677,15804453438161.85,-9.95046713067594,-14.306546389013468,"[15, 10, 13, 16, 0]",des
0,678,2.079056959063614e-14,-10.797184384713642,-15.15326364305117,"[15, 10, 13, 16, 0, 2]",ads
0,679,125900600180051.81,-9.95046713067594,-14.306546389013468,"[15, 10, 13, 16, 0]",des
0,680,5.926304223455206e-15,-10.797184384713642,-15.15326364305117,"[15, 10, 13, 16, 0, 2]",ads
0,681,194049666578484.75,-9.95046713067594,-14.306546389013468,"[15, 10, 13, 16, 0]",des
0,682,7.373872300860492e-15,-10.797184384713642,-15.15326364305117,"[15, 10, 13, 16, 0, 2]",ads
0,683,171600934683574.56,-9.95046713067594,-14.306546389013468,"[15, 10, 13, 16, 0]",des
0,684,4.637311259879484e-15,-10.797184384713642,-15.15326364305117,"[15, 10, 13, 16, 0, 2]",ads
0,685,28103556350991.39,-9.95046713067594,-14.306546389013468,"[15, 10, 13, 16, 0]",des
0,686,3.349413495257541e-15,-10.797184384713642,-15.15326364305117,"[15, 10, 13, 16, 0, 2]",ads
0,687,102181614577924.92,-9.95046713067594,-14.306546389013468,"[15, 10, 13, 16, 0]",des
0,688,3.6314246905544247e-16,-10.797184384713642,-15.15326364305117,"[15, 10, 13, 16, 0, 2]",ads
0,689,331147747834240.4,-9.95046713067594,-14.306546389013468,"[15, 10, 13, 16, 0]",des
0,690,3.4226178375850644e-15,-10.797184384713642,-15.15326364305117,"[15, 10, 13, 16, 0, 2]",ads
0,691,60849373669306.42,-9.95046713067594,-14.306546389013468,"[15, 10, 13, 16, 0]",des
0,692,3.188629075030941e-15,-10.797184384713642,-15.15326364305117,"[15, 10, 13, 16, 0, 2]",ads
0,693,174234511078053.16,-9.95046713067594,-14.306546389013468,"[15, 10, 13, 16, 0]",des
0,694,4.5010877987198e-15,-10.797184384713642,-15.15326364305117,"[15, 10, 13, 16, 0, 2]",ads
0,695,331989908688960.06,-9.95046713067594,-14.306546389013468,"[15, 10, 13, 16, 0]",des
0,696,1.2263158881266768e-14,-10.797184384713642,-15.15326364305117,"[15, 10, 13, 16, 0, 2]",ads
0,697,148671350514028.66,-9.95046713067594,-14.306546389013468,"[15, 10, 13, 16, 0]",des
0,698,4.070994434365659e-16,-10.797184384713642,-15.15326364305117,"[15, 10, 13, 16, 0, 2]",ads
0,699,47094668119638.35,-9.95046713067594,-14.306546389013468,"[15, 10, 13, 16, 0]",des
0,700,3.555278933020207e-15,-10.797184384713642,-15.15326364305117,"[15, 10, 13, 16, 0, 2]",ads
0,701,85046494253476.78,-9.95046713067594,-14.306546389013468,"[15, 10, 13, 16, 0]",des
0,702,4.813247117718946e-15,-10.797184384713642,-15.15326364305117,"[15, 10, 13, 16, 0, 2]",ads
0,703,167875787643542.9,-9.95046713067594,-14.306546389013468,"[15, 10, 13, 16, 0]",des
0,704,8.0479931051101e-16,-10.797184384713642,-15.15326364305117,"[15, 10, 13, 16, 0, 2]",ads
0,705,19455494914953.06,-9.95046713067594,-14.306546389013468,"[15, 10, 13, 16, 0]",des
0,706,2.293928656853422e-15,-10.797184384713642,-15.15326364305117,"[15, 10, 13, 16, 0, 2]",ads
0,707,48829789054165.89,-9.95046713067594,-14.306546389013468,"[15, 10, 13, 16, 0]",des
0,708,9.503086605920613e-15,-10.797184384713642,-15.15326364305117,"[15, 10, 13, 16, 0, 2]",ads
0,709,63333999751335.875,-9.95046713067594,-14.306546389013468,"[15, 10, 13, 16, 0]",des
0,710,1.0955971757007741e-14,-10.797184384713642,-15.15326364305117,"[15, 10, 13, 16, 0, 2]",ads
0,711,44670754031947.336,-9.95046713067594,-14.306546389013468,"[15, 10, 13, 16, 0]",des
0,712,6.22746503182135e-15,-10.797184384713642,-15.15326364305117,"[15, 10, 13, 16, 0, 2]",ads
0,713,132008550505461.61,-9.95046713067594,-14.306546389013468,"[15, 10, 13, 16, 0]",des
0,714,1.5739068654311128e-15,-10.797184384713642,-15.15326364305117,"[15, 10, 13, 16, 0, 2]",ads
0,715,128599731817890.36,-9.95046713067594,-14.306546389013468,"[15, 10, 13, 16, 0]",des
0,716,4.484947574229109e-15,-10.797184384713642,-15.15326364305117,"[15, 10, 13, 16, 0, 2]",ads
0,717,9565330243417.293,-9.95046713067594,-14.306546389013468,"[15, 10, 13, 16, 0]",des
0,718,4.2532110277397464e-15,-10.797184384713642,-15.15326364305117,"[15, 10, 13, 16, 0, 2]",ads
0,719,244242168808859.3,-9.95046713067594,-14.306546389013468,"[15, 10, 13, 16, 0]",des
0,720,7.500936850638255e-18,-10.797184384713642,-15.15326364305117,"[15, 10, 13, 16, 0, 2]",ads
0,721,176867917142317.34,-9.95046713067594,-14.306546389013468,"[15, 10, 13, 16, 0]",des
0,722,8.803408250623884e-15,-10.797184384713642,-15.15326364305117,"[15, 10, 13, 16, 0, 2]",ads
0,723,235910039684889.88,-9.95046713067594,-14.306546389013468,"[15, 10, 13, 16, 0]",des
0,724,1.977542214575763e-15,-10.797184384713642,-15.15326364305117,"[15, 10, 13, 16, 0, 2]",ads
0,725,33541600438745.75,-9.95046713067594,-14.306546389013468,"[15, 10, 13, 16, 0]",des
0,726,1.4187931836719051e-14,-10.797184384713642,-15.15326364305117,"[15, 10, 13, 16, 0, 2]",ads
0,727,15787716547455.46,-9.95046713067594,-14.306546389013468,"[15, 10, 13, 16, 0]",des
0,728,2.14713411166375e-14,-10.797184384713642,-15.15326364305117,"[15, 10, 13, 16, 0, 2]",ads
0,729,200932077452904.2,-9.95046713067594,-14.306546389013468,"[15, 10, 13, 16, 0]",des
0,730,1.0810442358234093e-14,-10.797184384713642,-15.15326364305117,"[15, 10, 13, 16, 0, 2]",ads
0,731,40733232609157.53,-9.95046713067594,-14.306546389013468,"[15, 10, 13, 16, 0]",des
0,732,1.7148672394422111e-15,-10.797184384713642,-15.15326364305117,"[15, 10, 13, 16, 0, 2]",ads
0,733,67323633855104.67,-9.95046713067594,-14.306546389013468,"[15, 10, 13, 16, 0]",des
0,734,1.4392264872398853e-14,-10.797184384713642,-15.15326364305117,"[15, 10, 13, 16, 0, 2]",ads
0,735,5204952276383.001,-9.95046713067594,-14.306546389013468,"[15, 10, 13, 16, 0]",des
0,736,2.4681780347124008e-15,-10.797184384713642,-15.15326364305117,"[15, 10, 13, 16, 0, 2]",ads
0,737,249258697750125.03,-9.95046713067594,-14.306546389013468,"[15, 10, 13, 16, 0]",des
0,738,5.57557240631185e-15,-10.797184384713642,-15.15326364305117,"[15, 10, 13, 16, 0, 2]",ads
0,739,220635601856257.47,-9.95046713067594,-14.306546389013468,"[15, 10, 13, 16, 0]",des
0,740,7.658416122953057e-17,-10.797184384713642,-15.15326364305117,"[15, 10, 13, 16, 0, 2]",ads
0,741,372619215055185.7,-9.95046713067594,-14.306546389013468,"[15, 10, 13, 16, 0]",des
0,742,2.143881510002227e-15,-10.797184384713642,-15.15326364305117,"[15, 10, 13, 16, 0, 2]",ads
0,743,45179909364955.5,-9.95046713067594,-14.306546389013468,"[15, 10, 13, 16, 0]",des
0,744,9.67250109349215e-15,-10.797184384713642,-15.15326364305117,"[15, 10, 13, 16, 0, 2]",ads
0,745,138205931233883.31,-9.95046713067594,-14.306546389013468,"[15, 10, 13, 16, 0]",des
0,746,2.0192227783265685e-15,-10.797184384713642,-15.15326364305117,"[15, 10, 13, 16, 0, 2]",ads
0,747,35231242083877.055,-9.95046713067594,-14.306546389013468,"[15, 10, 13, 16, 0]",des
0,748,5.458884213060697e-16,-10.797184384713642,-15.15326364305117,"[15, 10, 13, 16, 0, 2]",ads
0,749,204616545841408.56,-9.95046713067594,-14.306546389013468,"[15, 10, 13, 16, 0]",des
0,750,5.186502031581935e-15,-10.797184384713642,-15.15326364305117,"[15, 10, 13, 16, 0, 2]",ads
0,751,11147536390842.898,-9.95046713067594,-14.306546389013468,"[15, 10, 13, 16, 0]",des
0,752,1.7571534291316503e-14,-10.797184384713642,-15.15326364305117,"[15, 10, 13, 16, 0, 2]",ads
0,753,477879374573577.3,-9.95046713067594,-14.306546389013468,"[15, 10, 13, 16, 0]",des
0,754,4.693944212942352e-15,-10.797184384713642,-15.15326364305117,"[15, 10, 13, 16, 0, 2]",ads
0,755,243810268454518.06,-9.95046713067594,-14.306546389013468,"[15, 10, 13, 16, 0]",des
0,756,3.6773867485074947e-16,-10.797184384713642,-15.15326364305117,"[15, 10, 13, 16, 0, 2]",ads
0,757,69234729126132.49,-9.95046713067594,-14.306546389013468,"[15, 10, 13, 16, 0]",des
0,758,2.7658753155812346e-15,-10.797184384713642,-15.15326364305117,"[15, 10, 13, 16, 0, 2]",ads
0,759,60578638212901.95,-9.95046713067594,-14.306546389013468,"[15, 10, 13, 16, 0]",des
0,760,5.511481303531771e-15,-10.797184384713642,-15.15326364305117,"[15, 10, 13, 16, 0, 2]",ads
0,761,290177689185707.2,-9.95046713067594,-14.306546389013468,"[15, 10, 13, 16, 0]",des
0,762,4.328824272592398e-16,-10.797184384713642,-15.15326364305117,"[15, 10, 13, 16, 0, 2]",ads
0,763,89738621022613.86,-9.95046713067594,-14.306546389013468,"[15, 10, 13, 16, 0]",des
0,764,2.887265243260782e-15,-10.797184384713642,-15.15326364305117,"[15, 10, 13, 16, 0, 2]",ads
0,765,161865447885217.56,-9.95046713067594,-14.306546389013468,"[15, 10, 13, 16, 0]",des
0,766,1.245585361506707e-15,-10.797184384713642,-15.15326364305117,"[15, 10, 13, 16, 0, 2]",ads
0,767,88306068985474.66,-9.95046713067594,-14.306546389013468,"[15, 10, 13, 16, 0]",des
0,768,1.3957704688746553e-15,-10.797184384713642,-15.15326364305117,"[15, 10, 13, 16, 0, 2]",ads
0,769,206354133749665.5,-9.95046713067594,-14.306546389013468,"[15, 10, 13, 16, 0]",des
0,770,7.99569408402902e-15,-10.797184384713642,-15.15326364305117,"[15, 10, 13, 16, 0, 2]",ads
0,771,12401063387823.37,-9.95046713067594,-14.306546389013468,"[15, 10, 13, 16, 0]",des
0,772,1.7282516266567174e-14,-10.797184384713642,-15.15326364305117,"[15, 10, 13, 16, 0, 2]",ads
0,773,162484909534491.8,-9.95046713067594,-14.306546389013468,"[15, 10, 13, 16, 0]",des
0,774,5.715222310388283e-15,-10.797184384713642,-15.15326364305117,"[15, 10, 13, 16, 0, 2]",ads
0,775,45756380590804.99,-9.95046713067594,-14.306546389013468,"[15, 10, 13, 16, 0]",des
0,776,1.0434348155653938e-15,-10.797184384713642,-15.15326364305117,"[15, 10, 13, 16, 0, 2]",ads
0,777,12745133358781.46,-9.95046713067594,-14.306546389013468,"[15, 10, 13, 16, 0]",des
0,778,1.028011899460263e-15,-10.797184384713642,-15.15326364305117,"[15, 10, 13, 16, 0, 2]",ads
0,779,51612167108288.43,-9.95046713067594,-14.306546389013468,"[15, 10, 13, 16, 0]",des
0,780,3.923738074927219e-15,-10.797184384713642,-15.15326364305117,"[15, 10, 13, 16, 0, 2]",ads
0,781,57796228686111.17,-9.95046713067594,-14.306546389013468,"[15, 10, 13, 16, 0]",des
0,782,8.616591156088623e-15,-10.797184384713642,-15.15326364305117,"[15, 10, 13, 16, 0, 2]",ads
0,783,153164006391448.16,-9.95046713067594,-14.306546389013468,"[15, 10, 13, 16, 0]",des
0,784,1.1175258331788988e-14,-10.797184384713642,-15.15326364305117,"[15, 10, 13, 16, 0, 2]",ads
0,785,687765864918446.6,-9.95046713067594,-14.306546389013468,"[15, 10, 13, 16, 0]",des
0,786,4.263767654381513e-16,-10.797184384713642,-15.15326364305117,"[15, 10, 13, 16, 0, 2]",ads
0,787,74677426404089.23,-9.95046713067594,-14.306546389013468,"[15, 10, 13, 16, 0]",des
0,788,1.562962234806905e-15,-10.797184384713642,-15.15326364305117,"[15, 10, 13, 16, 0, 2]",ads
0,789,49263535931058.86,-9.95046713067594,-14.306546389013468,"[15, 10, 13, 16, 0]",des
0,790,7.712194389608336e-15,-10.797184384713642,-15.15326364305117,"[15, 10, 13, 16, 0, 2]",ads
0,791,88985467481476.39,-9.95046713067594,-14.306546389013468,"[15, 10, 13, 16, 0]",des
0,792,6.14781779125676e-15,-10.797184384713642,-15.15326364305117,"[15, 10, 13, 16, 0, 2]",ads
0,793,64518405909411.35,-9.95046713067594,-14.306546389013468,"[15, 10, 13, 16, 0]",des
0,794,1.9024198580325753e-15,-10.797184384713642,-15.15326364305117,"[15, 10, 13, 16, 0, 2]",ads
0,795,132541651488814.14,-9.95046713067594,-14.306546389013468,"[15, 10, 13, 16, 0]",des
0,796,1.339826772547651e-15,-10.797184384713642,-15.15326364305117,"[15, 10, 13, 16, 0, 2]",ads
0,797,202303553091963.25,-9.95046713067594,-14.306546389013468,"[15, 10, 13, 16, 0]",des
0,798,1.2466045998746081e-15,-10.797184384713642,-15.15326364305117,"[15, 10, 13, 16, 0, 2]",ads
0,799,143567016017719.5,-9.95046713067594,-14.306546389013468,"[15, 10, 13, 16, 0]",des
0,800,3.0903785602487647e-15,-10.797184384713642,-15.15326364305117,"[15, 10, 13, 16, 0, 2]",ads
0,801,29837356470250.652,-9.95046713067594,-14.306546389013468,"[15, 10, 13, 16, 0]",des
0,802,1.6746761581255047e-14,-10.797184384713642,-15.15326364305117,"[15, 10, 13, 16, 0, 2]",ads
0,803,95776178847946.84,-9.95046713067594,-14.306546389013468,"[15, 10, 13, 16, 0]",des
0,804,4.943033952295392e-15,-10.797184384713642,-15.15326364305117,"[15, 10, 13, 16, 0, 2]",ads
0,805,53716240840027.16,-9.95046713067594,-14.306546389013468,"[15, 10, 13, 16, 0]",des
0,806,1.8081246951197644e-14,-10.797184384713642,-15.15326364305117,"[15, 10, 13, 16, 0, 2]",ads
0,807,325370869796969.6,-9.95046713067594,-14.306546389013468,"[15, 10, 13, 16, 0]",des
0,808,6.673816062066934e-16,-10.797184384713642,-15.15326364305117,"[15, 10, 13, 16, 0, 2]",ads
0,809,21091298945206.17,-9.95046713067594,-14.306546389013468,"[15, 10, 13, 16, 0]",des
0,810,2.0305324005974438e-14,-10.797184384713642,-15.15326364305117,"[15, 10, 13, 16, 0, 2]",ads
0,811,77444442703393.39,-9.95046713067594,-14.306546389013468,"[15, 10, 13, 16, 0]",des
0,812,3.297576095270625e-15,-10.797184384713642,-15.15326364305117,"[15, 10, 13, 16, 0, 2]",ads
0,813,37822228570189.05,-9.95046713067594,-14.306546389013468,"[15, 10, 13, 16, 0]",des
0,814,1.1464644841824896e-14,-10.797184384713642,-15.15326364305117,"[15, 10, 13, 16, 0, 2]",ads
0,815,75624109853018.5,-9.95046713067594,-14.306546389013468,"[15, 10, 13, 16, 0]",des
0,816,5.920848535790672e-15,-10.797184384713642,-15.15326364305117,"[15, 10, 13, 16, 0, 2]",ads
0,817,2791706346146.86,-9.95046713067594,-14.306546389013468,"[15, 10, 13, 16, 0]",des
0,818,3.3231854004929115e-16,-10.797184384713642,-15.15326364305117,"[15, 10, 13, 16, 0, 2]",ads
0,819,45792218424811.34,-9.95046713067594,-14.306546389013468,"[15, 10, 13, 16, 0]",des
0,820,4.762905189895403e-15,-10.797184384713642,-15.15326364305117,"[15, 10, 13, 16, 0, 2]",ads
0,821,65488451929846.84,-9.95046713067594,-14.306546389013468,"[15, 10, 13, 16, 0]",des
0,822,8.17045951720427e-16,-10.797184384713642,-15.15326364305117,"[15, 10, 13, 16, 0, 2]",ads
0,823,8317534761456.218,-9.95046713067594,-14.306546389013468,"[15, 10, 13, 16, 0]",des
0,824,9.274034797955887e-15,-10.797184384713642,-15.15326364305117,"[15, 10, 13, 16, 0, 2]",ads
0,825,58433954178255.02,-9.95046713067594,-14.306546389013468,"[15, 10, 13, 16, 0]",des
0,826,7.840116647357366e-15,-10.797184384713642,-15.15326364305117,"[15, 10, 13, 16, 0, 2]",ads
0,827,490894457983572.3,-9.95046713067594,-14.306546389013468,"[15, 10, 13, 16, 0]",des
0,828,2.997007395434229e-14,-10.797184384713642,-15.15326364305117,"[15, 10, 13, 16, 0, 2]",ads
0,829,19723733260640.56,-9.95046713067594,-14.306546389013468,"[15, 10, 13, 16, 0]",des
0,830,5.741174270127984e-15,-10.797184384713642,-15.15326364305117,"[15, 10, 13, 16, 0, 2]",ads
0,831,249860953673724.34,-9.95046713067594,-14.306546389013468,"[15, 10, 13, 16, 0]",des
0,832,1.8896235183770046e-15,-10.797184384713642,-15.15326364305117,"[15, 10, 13, 16, 0, 2]",ads
0,833,312996300854161.94,-9.95046713067594,-14.306546389013468,"[15, 10, 13, 16, 0]",des
0,834,1.1770470252845658e-14,-10.797184384713642,-15.15326364305117,"[15, 10, 13, 16, 0, 2]",ads
0,835,97193318768116.06,-9.95046713067594,-14.306546389013468,"[15, 10, 13, 16, 0]",des
0,836,5.899891084299663e-15,-10.797184384713642,-15.15326364305117,"[15, 10, 13, 16, 0, 2]",ads
0,837,63891842672084.92,-9.95046713067594,-14.306546389013468,"[15, 10, 13, 16, 0]",des
0,838,1.0192165600934243e-15,-10.797184384713642,-15.15326364305117,"[15, 10, 13, 16, 0, 2]",ads
0,839,33604318399976.223,-9.95046713067594,-14.306546389013468,"[15, 10, 13, 16, 0]",des
0,840,2.6361701230916606e-15,-10.797184384713642,-15.15326364305117,"[15, 10, 13, 16, 0, 2]",ads
0,841,50500323225444.695,-9.95046713067594,-14.306546389013468,"[15, 10, 13, 16, 0]",des
0,842,3.299567608320367e-15,-10.797184384713642,-15.15326364305117,"[15, 10, 13, 16, 0, 2]",ads
0,843,43065842031514.99,-9.95046713067594,-14.306546389013468,"[15, 10, 13, 16, 0]",des
0,844,3.0183012865889125e-15,-10.797184384713642,-15.15326364305117,"[15, 10, 13, 16, 0, 2]",ads
0,845,36879655467459.17,-9.95046713067594,-14.306546389013468,"[15, 10, 13, 16, 0]",des
0,846,5.848978890734012e-16,-10.797184384713642,-15.15326364305117,"[15, 10, 13, 16, 0, 2]",ads
0,847,54773256551441.375,-9.95046713067594,-14.306546389013468,"[15, 10, 13, 16, 0]",des
0,848,7.656042724540912e-15,-10.797184384713642,-15.15326364305117,"[15, 10, 13, 16, 0, 2]",ads
0,849,5397114718158.355,-9.95046713067594,-14.306546389013468,"[15, 10, 13, 16, 0]",des
0,850,3.911949947072101e-16,-10.797184384713642,-15.15326364305117,"[15, 10, 13, 16, 0, 2]",ads
0,851,54139784592512.47,-9.95046713067594,-14.306546389013468,"[15, 10, 13, 16, 0]",des
0,852,6.7179717086743866e-15,-10.797184384713642,-15.15326364305117,"[15, 10, 13, 16, 0, 2]",ads
0,853,129263929858967.3,-9.95046713067594,-14.306546389013468,"[15, 10, 13, 16, 0]",des
0,854,2.5639851693805625e-15,-10.797184384713642,-15.15326364305117,"[15, 10, 13, 16, 0, 2]",ads
0,855,131600800498360.83,-9.95046713067594,-14.306546389013468,"[15, 10, 13, 16, 0]",des
0,856,2.4886945464055626e-15,-10.797184384713642,-15.15326364305117,"[15, 10, 13, 16, 0, 2]",ads
0,857,33635261427481.7,-9.95046713067594,-14.306546389013468,"[15, 10, 13, 16, 0]",des
0,858,8.785408306765635e-15,-10.797184384713642,-15.15326364305117,"[15, 10, 13, 16, 0, 2]",ads
0,859,349258251497517.4,-9.95046713067594,-14.306546389013468,"[15, 10, 13, 16, 0]",des
0,860,6.756739387188093e-15,-10.797184384713642,-15.15326364305117,"[15, 10, 13, 16, 0, 2]",ads
0,861,210731161264679.38,-9.95046713067594,-14.306546389013468,"[15, 10, 13, 16, 0]",des
0,862,2.0653516637391594e-14,-10.797184384713642,-15.15326364305117,"[15, 10, 13, 16, 0, 2]",ads
0,863,176087221295886.3,-9.95046713067594,-14.306546389013468,"[15, 10, 13, 16, 0]",des
0,864,2.5181975722958375e-15,-10.797184384713642,-15.15326364305117,"[15, 10, 13, 16, 0, 2]",ads
0,865,458115863196234.0,-9.95046713067594,-14.306546389013468,"[15, 10, 13, 16, 0]",des
0,866,5.535494896351316e-15,-10.797184384713642,-15.15326364305117,"[15, 10, 13, 16, 0, 2]",ads
0,867,25470029017488.582,-9.95046713067594,-14.306546389013468,"[15, 10, 13, 16, 0]",des
0,868,6.455152925741789e-15,-10.797184384713642,-15.15326364305117,"[15, 10, 13, 16, 0, 2]",ads
0,869,129277327092644.06,-9.95046713067594,-14.306546389013468,"[15, 10, 13, 16, 0]",des
0,870,5.339680604518383e-15,-10.797184384713642,-15.15326364305117,"[15, 10, 13, 16, 0, 2]",ads
0,871,64804975696307.14,-9.95046713067594,-14.306546389013468,"[15, 10, 13, 16, 0]",des
0,872,1.5197813989999856e-16,-10.797184384713642,-15.15326364305117,"[15, 10, 13, 16, 0, 2]",ads
0,873,159029607622161.12,-9.95046713067594,-14.306546389013468,"[15, 10, 13, 16, 0]",des
0,874,2.3581376947325183e-15,-10.797184384713642,-15.15326364305117,"[15, 10, 13, 16, 0, 2]",ads
0,875,87856275798553.16,-9.95046713067594,-14.306546389013468,"[15, 10, 13, 16, 0]",des
0,876,3.254011862743969e-15,-10.797184384713642,-15.15326364305117,"[15, 10, 13, 16, 0, 2]",ads
0,877,231050077114.46423,-9.95046713067594,-14.306546389013468,"[15, 10, 13, 16, 0]",des
0,878,7.386215811217017e-15,-10.797184384713642,-15.15326364305117,"[15, 10, 13, 16, 0, 2]",ads
0,879,64226034514368.195,-9.95046713067594,-14.306546389013468,"[15, 10, 13, 16, 0]",des
0,880,7.434172701240343e-16,-10.797184384713642,-15.15326364305117,"[15, 10, 13, 16, 0, 2]",ads
0,881,676237856485739.0,-9.95046713067594,-14.306546389013468,"[15, 10, 13, 16, 0]",des
0,882,7.890963577840677e-16,-10.797184384713642,-15.15326364305117,"[15, 10, 13, 16, 0, 2]",ads
0,883,26851841181497.406,-9.95046713067594,-14.306546389013468,"[15, 10, 13, 16, 0]",des
0,884,9.584981805519879e-15,-10.797184384713642,-15.15326364305117,"[15, 10, 13, 16, 0, 2]",ads
0,885,42834369957801.62,-9.95046713067594,-14.306546389013468,"[15, 10, 13, 16, 0]",des
0,886,3.072828765287637e-15,-10.797184384713642,-15.15326364305117,"[15, 10, 13, 16, 0, 2]",ads
0,887,98768831840335.52,-9.95046713067594,-14.306546389013468,"[15, 10, 13, 16, 0]",des
0,888,1.8701174204445382e-16,-10.797184384713642,-15.15326364305117,"[15, 10, 13, 16, 0, 2]",ads
0,889,226837221167759.0,-9.95046713067594,-14.306546389013468,"[15, 10, 13, 16, 0]",des
0,890,3.9915900081800165e-15,-10.797184384713642,-15.15326364305117,"[15, 10, 13, 16, 0, 2]",ads
0,891,64909249490100.1,-9.95046713067594,-14.306546389013468,"[15, 10, 13, 16, 0]",des
0,892,2.0529400398530184e-15,-10.797184384713642,-15.15326364305117,"[15, 10, 13, 16, 0, 2]",ads
0,893,16790799918012.621,-9.95046713067594,-14.306546389013468,"[15, 10, 13, 16, 0]",des
0,894,3.821608196083669e-15,-10.797184384713642,-15.15326364305117,"[15, 10, 13, 16, 0, 2]",ads
0,895,49383332335517.55,-9.95046713067594,-14.306546389013468,"[15, 10, 13, 16, 0]",des
0,896,1.3975422166857749e-15,-10.797184384713642,-15.15326364305117,"[15, 10, 13, 16, 0, 2]",ads
0,897,368780094555961.1,-9.95046713067594,-14.306546389013468,"[15, 10, 13, 16, 0]",des
0,898,1.7740862690128107e-15,-10.797184384713642,-15.15326364305117,"[15, 10, 13, 16, 0, 2]",ads
0,899,181490110348556.12,-9.95046713067594,-14.306546389013468,"[15, 10, 13, 16, 0]",des
0,900,7.555408653068178e-15,-10.797184384713642,-15.15326364305117,"[15, 10, 13, 16, 0, 2]",ads
0,901,312395751842763.8,-9.95046713067594,-14.306546389013468,"[15, 10, 13, 16, 0]",des
0,902,6.520788119666711e-16,-10.797184384713642,-15.15326364305117,"[15, 10, 13, 16, 0, 2]",ads
0,903,803089468985342.8,-9.95046713067594,-14.306546389013468,"[15, 10, 13, 16, 0]",des
0,904,4.530092481822202e-15,-10.797184384713642,-15.15326364305117,"[15, 10, 13, 16, 0, 2]",ads
0,905,76664938011082.25,-9.95046713067594,-14.306546389013468,"[15, 10, 13, 16, 0]",des
0,906,3.831519870016104e-15,-10.797184384713642,-15.15326364305117,"[15, 10, 13, 16, 0, 2]",ads
0,907,118232979751342.9,-9.95046713067594,-14.306546389013468,"[15, 10, 13, 16, 0]",des
0,908,3.3288767226160607e-14,-10.797184384713642,-15.15326364305117,"[15, 10, 13, 16, 0, 2]",ads
0,909,557343698099699.5,-9.95046713067594,-14.306546389013468,"[15, 10, 13, 16, 0]",des
0,910,6.562999475646972e-16,-10.797184384713642,-15.15326364305117,"[15, 10, 13, 16, 0, 2]",ads
0,911,352322722306363.6,-9.95046713067594,-14.306546389013468,"[15, 10, 13, 16, 0]",des
0,912,1.1511174117454347e-14,-10.797184384713642,-15.15326364305117,"[15, 10, 13, 16, 0, 2]",ads
0,913,89272453074336.08,-9.95046713067594,-14.306546389013468,"[15, 10, 13, 16, 0]",des
0,914,3.977642001621459e-15,-10.797184384713642,-15.15326364305117,"[15, 10, 13, 16, 0, 2]",ads
0,915,256685093516046.9,-9.95046713067594,-14.306546389013468,"[15, 10, 13, 16, 0]",des
0,916,9.134589870743702e-15,-10.797184384713642,-15.15326364305117,"[15, 10, 13, 16, 0, 2]",ads
0,917,174549918365417.1,-9.95046713067594,-14.306546389013468,"[15, 10, 13, 16, 0]",des
0,918,1.0637022091427413e-14,-10.797184384713642,-15.15326364305117,"[15, 10, 13, 16, 0, 2]",ads
0,919,256021722650084.78,-9.95046713067594,-14.306546389013468,"[15, 10, 13, 16, 0]",des
0,920,9.200791682792332e-15,-10.797184384713642,-15.15326364305117,"[15, 10, 13, 16, 0, 2]",ads
0,921,60889801761380.336,-9.95046713067594,-14.306546389013468,"[15, 10, 13, 16, 0]",des
0,922,1.845426762260986e-15,-10.797184384713642,-15.15326364305117,"[15, 10, 13, 16, 0, 2]",ads
0,923,50854927777714.82,-9.95046713067594,-14.306546389013468,"[15, 10, 13, 16, 0]",des
0,924,1.55531521428941e-15,-10.797184384713642,-15.15326364305117,"[15, 10, 13, 16, 0, 2]",ads
0,925,236608044577650.72,-9.95046713067594,-14.306546389013468,"[15, 10, 13, 16, 0]",des
0,926,3.0291201341801252e-15,-10.797184384713642,-15.15326364305117,"[15, 10, 13, 16, 0, 2]",ads
0,927,11684442369027.426,-9.95046713067594,-14.306546389013468,"[15, 10, 13, 16, 0]",des
0,928,4.661013985628694e-16,-10.797184384713642,-15.15326364305117,"[15, 10, 13, 16, 0, 2]",ads
0,929,23500272616880.17,-9.95046713067594,-14.306546389013468,"[15, 10, 13, 16, 0]",des
0,930,1.0445864529277891e-15,-10.797184384713642,-15.15326364305117,"[15, 10, 13, 16, 0, 2]",ads
0,931,87226742841749.78,-9.95046713067594,-14.306546389013468,"[15, 10, 13, 16, 0]",des
0,932,7.871998583132092e-15,-10.797184384713642,-15.15326364305117,"[15, 10, 13, 16, 0, 2]",ads
0,933,480530798524715.3,-9.95046713067594,-14.306546389013468,"[15, 10, 13, 16, 0]",des
0,934,4.101962913102511e-15,-10.797184384713642,-15.15326364305117,"[15, 10, 13, 16, 0, 2]",ads
0,935,103446782561121.75,-9.95046713067594,-14.306546389013468,"[15, 10, 13, 16, 0]",des
0,936,1.2860603543329473e-15,-10.797184384713642,-15.15326364305117,"[15, 10, 13, 16, 0, 2]",ads
0,937,585329248701137.4,-9.95046713067594,-14.306546389013468,"[15, 10, 13, 16, 0]",des
0,938,5.587809178083364e-15,-10.797184384713642,-15.15326364305117,"[15, 10, 13, 16, 0, 2]",ads
0,939,113313294002476.33,-9.95046713067594,-14.306546389013468,"[15, 10, 13, 16, 0]",des
0,940,6.616388982950359e-17,-10.797184384713642,-15.15326364305117,"[15, 10, 13, 16, 0, 2]",ads
0,941,14168046812489.166,-9.95046713067594,-14.306546389013468,"[15, 10, 13, 16, 0]",des
0,942,7.244026995902972e-15,-10.797184384713642,-15.15326364305117,"[15, 10, 13, 16, 0, 2]",ads
0,943,157903287991289.9,-9.95046713067594,-14.306546389013468,"[15, 10, 13, 16, 0]",des
0,944,7.093593409114567e-15,-10.797184384713642,-15.15326364305117,"[15, 10, 13, 16, 0, 2]",ads
0,945,17801680981071.316,-9.95046713067594,-14.306546389013468,"[15, 10, 13, 16, 0]",des
0,946,2.088642613031255e-14,-10.797184384713642,-15.15326364305117,"[15, 10, 13, 16, 0, 2]",ads
0,947,251468211580387.03,-9.95046713067594,-14.306546389013468,"[15, 10, 13, 16, 0]",des
0,948,1.4062110362036447e-14,-10.797184384713642,-15.15326364305117,"[15, 10, 13, 16, 0, 2]",ads
0,949,121822146999330.9,-9.95046713067594,-14.306546389013468,"[15, 10, 13, 16, 0]",des
0,950,2.6088559746139777e-16,-10.797184384713642,-15.15326364305117,"[15, 10, 13, 16, 0, 2]",ads
0,951,271890512890497.5,-9.95046713067594,-14.306546389013468,"[15, 10, 13, 16, 0]",des
0,952,2.7271802224457585e-15,-10.797184384713642,-15.15326364305117,"[15, 10, 13, 16, 0, 2]",ads
0,953,216736942852160.0,-9.95046713067594,-14.306546389013468,"[15, 10, 13, 16, 0]",des
0,954,2.2917244210332114e-14,-10.797184384713642,-15.15326364305117,"[15, 10, 13, 16, 0, 2]",ads
0,955,203015312029401.22,-9.95046713067594,-14.306546389013468,"[15, 10, 13, 16, 0]",des
0,956,2.413186136389701e-16,-10.797184384713642,-15.15326364305117,"[15, 10, 13, 16, 0, 2]",ads
0,957,492758766424043.5,-9.95046713067594,-14.306546389013468,"[15, 10, 13, 16, 0]",des
0,958,1.9815775728385824e-15,-10.797184384713642,-15.15326364305117,"[15, 10, 13, 16, 0, 2]",ads
0,959,540871395993099.25,-9.95046713067594,-14.306546389013468,"[15, 10, 13, 16, 0]",des
0,960,1.8434889371331122e-14,-10.797184384713642,-15.15326364305117,"[15, 10, 13, 16, 0, 2]",ads
0,961,182419095971399.88,-9.95046713067594,-14.306546389013468,"[15, 10, 13, 16, 0]",des
0,962,6.117528028831615e-15,-10.797184384713642,-15.15326364305117,"[15, 10, 13, 16, 0, 2]",ads
0,963,27343632802704.53,-9.95046713067594,-14.306546389013468,"[15, 10, 13, 16, 0]",des
0,964,3.2571123431730543e-15,-10.797184384713642,-15.15326364305117,"[15, 10, 13, 16, 0, 2]",ads
0,965,74051573073523.53,-9.95046713067594,-14.306546389013468,"[15, 10, 13, 16, 0]",des
0,966,3.86081696439558e-15,-10.797184384713642,-15.15326364305117,"[15, 10, 13, 16, 0, 2]",ads
0,967,210094284742618.7,-9.95046713067594,-14.306546389013468,"[15, 10, 13, 16, 0]",des
0,968,5.358241972858921e-15,-10.797184384713642,-15.15326364305117,"[15, 10, 13, 16, 0, 2]",ads
0,969,510108359394228.75,-9.95046713067594,-14.306546389013468,"[15, 10, 13, 16, 0]",des
0,970,1.2374314038907792e-14,-10.797184384713642,-15.15326364305117,"[15, 10, 13, 16, 0, 2]",ads
0,971,330327962136867.9,-9.95046713067594,-14.306546389013468,"[15, 10, 13, 16, 0]",des
0,972,7.161941435051807e-15,-10.797184384713642,-15.15326364305117,"[15, 10, 13, 16, 0, 2]",ads
0,973,266958796880031.8,-9.95046713067594,-14.306546389013468,"[15, 10, 13, 16, 0]",des
0,974,1.0163677294001531e-15,-10.797184384713642,-15.15326364305117,"[15, 10, 13, 16, 0, 2]",ads
0,975,51266048465876.94,-9.95046713067594,-14.306546389013468,"[15, 10, 13, 16, 0]",des
0,976,3.114499266672072e-16,-10.797184384713642,-15.15326364305117,"[15, 10, 13, 16, 0, 2]",ads
0,977,11915769423417.045,-9.95046713067594,-14.306546389013468,"[15, 10, 13, 16, 0]",des
0,978,1.2439728040834159e-15,-10.797184384713642,-15.15326364305117,"[15, 10, 13, 16, 0, 2]",ads
0,979,215887589686872.53,-9.95046713067594,-14.306546389013468,"[15, 10, 13, 16, 0]",des
0,980,4.125021651524823e-15,-10.797184384713642,-15.15326364305117,"[15, 10, 13, 16, 0, 2]",ads
0,981,75235509586601.16,-9.95046713067594,-14.306546389013468,"[15, 10, 13, 16, 0]",des
0,982,6.800999109041387e-15,-10.797184384713642,-15.15326364305117,"[15, 10, 13, 16, 0, 2]",ads
0,983,67922281175572.336,-9.95046713067594,-14.306546389013468,"[15, 10, 13, 16, 0]",des
0,984,2.459943061525391e-16,-10.797184384713642,-15.15326364305117,"[15, 10, 13, 16, 0, 2]",ads
0,985,322254558057463.8,-9.95046713067594,-14.306546389013468,"[15, 10, 13, 16, 0]",des
0,986,1.460870552878671e-14,-10.797184384713642,-15.15326364305117,"[15, 10, 13, 16, 0, 2]",ads
0,987,41294124617289.5,-9.95046713067594,-14.306546389013468,"[15, 10, 13, 16, 0]",des
0,988,1.53566174704594e-14,-10.797184384713642,-15.15326364305117,"[15, 10, 13, 16, 0, 2]",ads
0,989,145510110811991.28,-9.95046713067594,-14.306546389013468,"[15, 10, 13, 16, 0]",des
0,990,1.0474741914140781e-14,-10.797184384713642,-15.15326364305117,"[15, 10, 13, 16, 0, 2]",ads
0,991,1452402894908.2517,-9.95046713067594,-14.306546389013468,"[15, 10, 13, 16, 0]",des
0,992,6.062760646473916e-15,-10.797184384713642,-15.15326364305117,"[15, 10, 13, 16, 0, 2]",ads
0,993,155104968936093.84,-9.95046713067594,-14.306546389013468,"[15, 10, 13, 16, 0]",des
0,994,3.0185169614590568e-15,-10.797184384713642,-15.15326364305117,"[15, 10, 13, 16, 0, 2]",ads
0,995,140280048199830.97,-9.95046713067594,-14.306546389013468,"[15, 10, 13, 16, 0]",des
0,996,5.0196178074781345e-15,-10.797184384713642,-15.15326364305117,"[15, 10, 13, 16, 0, 2]",ads
0,997,6263984840062.166,-9.95046713067594,-14.306546389013468,"[15, 10, 13, 16, 0]",des
0,998,2.0020883292989102e-16,-10.797184384713642,-15.15326364305117,"[15, 10, 13, 16, 0, 2]",ads
0,999,54181308240208.8,-9.95046713067594,-14.306546389013468,"[15, 10, 13, 16, 0]",des
0,1000,7.713910203908806e-15,-10.797184384713642,-15.15326364305117,"[15, 10, 13, 16, 0, 2]",ads
